<step title="BackgroundTrace" date="2025-06-04T13:38:42.184" instance="5c395b" url="/api/zipdeploy" method="POST" >
  <step title="Creating temporary deployment - FetchDeploymentManager" date="2025-06-04T13:38:42.262" /><!-- duration: 2ms -->
  <step title="Creating temporary deployment" date="2025-06-04T13:38:42.267" /><!-- duration: 50ms -->
  <step title="Performing fetch based deployment" date="2025-06-04T13:38:42.343" >
    <step title="Cleaning up temp folders from previous zip deployments and extracting pushed zip file /tmp/zipdeploy/edb2c15f-bbf5-495d-8056-56228621b359.zip (0.47 MB) to /tmp/zipdeploy/extracted" date="2025-06-04T13:38:43.448" >
      <step title="ChmodRecursive Process exited with total time taken in ms: 40" date="2025-06-04T13:38:43.575" /><!-- duration: 9ms -->
    </step><!-- duration: 146ms -->
    <step title="Deployment timer started" date="2025-06-04T13:38:45.635" >
      <step title="DeploymentManager.Deploy(id:0f43c09e-baa1-4d4c-8e71-3757cda65f25)" date="2025-06-04T13:38:45.641" >
        <step title="Collecting changeset information" date="2025-06-04T13:38:45.679" /><!-- duration: 112ms -->
        <step title="Updating submodules" date="2025-06-04T13:38:45.802" /><!-- duration: 1133ms -->
        <step title="Determining deployment builder" date="2025-06-04T13:38:47.076" >
          <step title="Builder is BasicBuilder" date="2025-06-04T13:38:47.097" /><!-- duration: 2ms -->
        </step><!-- duration: 25ms -->
        <step title="PreDeployment: context.CleanOutputPath False" date="2025-06-04T13:38:47.158" >
          <step title="PreDeployment: context.OutputPath /home/site/wwwroot" date="2025-06-04T13:38:47.239" >
            <step title="Building" date="2025-06-04T13:38:47.325" >
              <step title="Generating deployment script" date="2025-06-04T13:38:47.394" >
                <step title="Using cached version of the deployment script for command: -y --no-dot-deployment -r &quot;/tmp/zipdeploy/extracted&quot; -o &quot;/home/site/deployments/tools&quot; --basic --sitePath &quot;/tmp/zipdeploy/extracted&quot;" date="2025-06-04T13:38:47.436" /><!-- duration: 1ms -->
              </step><!-- duration: 63ms -->
              <step title="Executing external process" date="2025-06-04T13:38:47.566" type="process" path="starter.sh" arguments="&quot;/home/site/deployments/tools/deploy.sh&quot;" /><!-- duration: 1991ms -->
              <step title="Triggering recycle (preview mode disabled)." date="2025-06-04T13:38:49.758" /><!-- duration: 4ms -->
              <step title="Modified file to trigger a restart of the app container." date="2025-06-04T13:38:49.814" /><!-- duration: 3ms -->
              <step title="Skip function trigger and logicapp sync because function is not enabled." date="2025-06-04T13:38:49.829" /><!-- duration: 15ms -->
            </step><!-- duration: 3148ms -->
          </step><!-- duration: 3239ms -->
          <step title="Cleaning up temp files" date="2025-06-04T13:38:50.479" /><!-- duration: 10ms -->
          <step title="Cleaning up temp files" date="2025-06-04T13:38:50.492" /><!-- duration: 511ms -->
          <step title="Reloading status file with latest updates" date="2025-06-04T13:38:51.028" >
            <step title="WebHooksManager.PublishEventAsync: PostDeployment" date="2025-06-04T13:38:51.037" /><!-- duration: 21ms -->
          </step><!-- duration: 31ms -->
          <step title="Cleaning up temporary deployment - fetch deployment was successful" date="2025-06-04T13:38:51.063" /><!-- duration: 1ms -->
        </step><!-- duration: 3959ms -->
      </step><!-- duration: 5500ms -->
