<step title="Incoming Request" date="2025-06-04T20:44:42.019" instance="5c395b" url="/api/zipdeploy?isAsync=true" method="POST" type="request" pid="767,1,88" Accept="application/json" Host="appweb-waq4p4p6muise.scm.azurewebsites.net" User-Agent="azsdk-go-zip-deploy/1.0.0 (go1.24.0 X:loopvar; darwin),azdev/1.16.1 (Go go1.24.0 X:loopvar; darwin/arm64)" Accept-Encoding="gzip" Authorization="Bea..." Content-Type="application/octet-stream" Content-Length="497191" X-Ms-Correlation-Request-Id="8972524ca501a46685d7861180e413bd" X-ARR-LOG-ID="8972524c-a501-a466-85d7-861180e413bd" CLIENT-IP="99.233.15.57:52749" X-SITE-DEPLOYMENT-ID="appweb-waq4p4p6muise" WAS-DEFAULT-HOSTNAME="appweb-waq4p4p6muise.scm.azurewebsites.net" X-Forwarded-Proto="https" X-AppService-Proto="https" X-Forwarded-TlsVersion="1.3" X-WAWS-Unencoded-URL="/api/zipdeploy?isAsync=true" X-Client-IP="99.233.15.57" X-Client-Port="52749" >
  <step title="Cleanup Xml Logs" date="2025-06-04T20:44:42.045" /><!-- duration: 11ms -->
  <step title="ZipPushDeploy" date="2025-06-04T20:44:42.101" >
    <step title="ZipDeploy. Extract zip. Remote build." date="2025-06-04T20:44:42.108" /><!-- duration: 2ms -->
    <step title="Starting PushDeployAsync" date="2025-06-04T20:44:42.114" /><!-- duration: 2ms -->
    <step title="Writing artifact to /tmp/zipdeploy/2abfd1ff-fe14-4948-be64-476f0048f857.zip" date="2025-06-04T20:44:42.130" >
      <step title="Writing multipart request body to /tmp/zipdeploy/2abfd1ff-fe14-4948-be64-476f0048f857.zip" date="2025-06-04T20:44:42.132" /><!-- duration: 4ms -->
    </step><!-- duration: 68ms -->
    <step title="Start deployment in the background" date="2025-06-04T20:44:42.259" >
      <step title="Acquiring Deployment Lock" date="2025-06-04T20:44:42.289" /><!-- duration: 2ms -->
      <step title="Acquired Deployment Lock" date="2025-06-04T20:44:42.327" /><!-- duration: 3ms -->
    </step><!-- duration: 134ms -->
  </step><!-- duration: 298ms -->
  <step title="Outgoing response" date="2025-06-04T20:44:42.402" type="response" statusCode="202" statusText="Accepted" /><!-- duration: 3ms -->
</step><!-- duration: 389ms -->
