<step title="Incoming Request" date="2025-06-04T00:05:36.071" instance="5c395b" url="/api/zipdeploy?isAsync=true" method="POST" type="request" pid="767,1,7" Accept="application/json" Host="appweb-waq4p4p6muise.scm.azurewebsites.net" User-Agent="azsdk-go-zip-deploy/1.0.0 (go1.24.0 X:loopvar; darwin),azdev/1.16.1 (Go go1.24.0 X:loopvar; darwin/arm64)" Accept-Encoding="gzip" Authorization="Bea..." Content-Type="application/octet-stream" Content-Length="585459" X-Ms-Correlation-Request-Id="93624b61c1891ce2e489a1b10ec17f76" X-ARR-LOG-ID="93624b61-c189-1ce2-e489-a1b10ec17f76" CLIENT-IP="99.233.15.57:64964" X-SITE-DEPLOYMENT-ID="appweb-waq4p4p6muise" WAS-DEFAULT-HOSTNAME="appweb-waq4p4p6muise.scm.azurewebsites.net" X-Forwarded-Proto="https" X-AppService-Proto="https" X-Forwarded-TlsVersion="1.3" X-WAWS-Unencoded-URL="/api/zipdeploy?isAsync=true" X-Client-IP="99.233.15.57" X-Client-Port="64964" >
  <step title="ZipPushDeploy" date="2025-06-04T00:05:37.507" >
    <step title="ZipDeploy. Extract zip." date="2025-06-04T00:05:37.539" /><!-- duration: 17ms -->
    <step title="None repository commit" date="2025-06-04T00:05:37.580" >
      <step title="Commit id: 1c0f9d2f-38f9-4201-a4e6-9bced154f1ed" date="2025-06-04T00:05:37.598" Message="N/A" AuthorName="N/A" AuthorEmail="N/A" /><!-- duration: 9ms -->
    </step><!-- duration: 30ms -->
    <step title="Starting PushDeployAsync" date="2025-06-04T00:05:37.619" /><!-- duration: 8ms -->
    <step title="Writing artifact to /tmp/zipdeploy/aa873e95-0a0b-4d74-bb83-095d42e99c30.zip" date="2025-06-04T00:05:37.658" >
      <step title="Writing multipart request body to /tmp/zipdeploy/aa873e95-0a0b-4d74-bb83-095d42e99c30.zip" date="2025-06-04T00:05:37.677" /><!-- duration: 3ms -->
    </step><!-- duration: 221ms -->
    <step title="Start deployment in the background" date="2025-06-04T00:05:37.959" >
      <step title="Acquiring Deployment Lock" date="2025-06-04T00:05:38.030" /><!-- duration: 9ms -->
      <step title="Acquired Deployment Lock" date="2025-06-04T00:05:38.141" /><!-- duration: 19ms -->
    </step><!-- duration: 413ms -->
  </step><!-- duration: 886ms -->
  <step title="Outgoing response" date="2025-06-04T00:05:38.623" type="response" statusCode="202" statusText="Accepted" /><!-- duration: 20ms -->
</step><!-- duration: 2574ms -->
