<step title="BackgroundTrace" date="2025-06-04T14:49:36.619" instance="5c395b" url="/api/zipdeploy" method="POST" >
  <step title="Creating temporary deployment - FetchDeploymentManager" date="2025-06-04T14:49:36.687" /><!-- duration: 2ms -->
  <step title="Creating temporary deployment" date="2025-06-04T14:49:36.696" /><!-- duration: 54ms -->
  <step title="Performing fetch based deployment" date="2025-06-04T14:49:36.815" >
    <step title="Cleaning up temp folders from previous zip deployments and extracting pushed zip file /tmp/zipdeploy/6a07e9b1-b7c4-4b18-93c3-a83b41d1fe9c.zip (0.47 MB) to /tmp/zipdeploy/extracted" date="2025-06-04T14:49:37.937" >
      <step title="ChmodRecursive Process exited with total time taken in ms: 59" date="2025-06-04T14:49:38.100" /><!-- duration: 20ms -->
    </step><!-- duration: 193ms -->
    <step title="Deployment timer started" date="2025-06-04T14:49:40.160" >
      <step title="DeploymentManager.Deploy(id:bba94184-fec5-450b-9b56-ca7ed7e61697)" date="2025-06-04T14:49:40.169" >
        <step title="Collecting changeset information" date="2025-06-04T14:49:40.208" /><!-- duration: 116ms -->
        <step title="Updating submodules" date="2025-06-04T14:49:40.327" /><!-- duration: 1088ms -->
        <step title="Determining deployment builder" date="2025-06-04T14:49:41.541" >
          <step title="Builder is BasicBuilder" date="2025-06-04T14:49:41.550" /><!-- duration: 8ms -->
        </step><!-- duration: 19ms -->
        <step title="PreDeployment: context.CleanOutputPath False" date="2025-06-04T14:49:41.599" >
          <step title="PreDeployment: context.OutputPath /home/site/wwwroot" date="2025-06-04T14:49:41.679" >
            <step title="Building" date="2025-06-04T14:49:41.781" >
              <step title="Generating deployment script" date="2025-06-04T14:49:41.860" >
                <step title="Using cached version of the deployment script for command: -y --no-dot-deployment -r &quot;/tmp/zipdeploy/extracted&quot; -o &quot;/home/site/deployments/tools&quot; --basic --sitePath &quot;/tmp/zipdeploy/extracted&quot;" date="2025-06-04T14:49:41.902" /><!-- duration: 2ms -->
              </step><!-- duration: 72ms -->
              <step title="Executing external process" date="2025-06-04T14:49:42.056" type="process" path="starter.sh" arguments="&quot;/home/site/deployments/tools/deploy.sh&quot;" /><!-- duration: 2217ms -->
              <step title="Triggering recycle (preview mode disabled)." date="2025-06-04T14:49:44.453" /><!-- duration: 3ms -->
              <step title="Modified file to trigger a restart of the app container." date="2025-06-04T14:49:44.496" /><!-- duration: 1ms -->
              <step title="Skip function trigger and logicapp sync because function is not enabled." date="2025-06-04T14:49:44.507" /><!-- duration: 8ms -->
              <step title="Purge deployment items" date="2025-06-04T14:49:45.192" >
                <step title="Remove fd916a75-, Success, received at 06/04/2025 13:09:28" date="2025-06-04T14:49:45.222" /><!-- duration: 7ms -->
              </step><!-- duration: 46ms -->
            </step><!-- duration: 3509ms -->
          </step><!-- duration: 3620ms -->
          <step title="Cleaning up temp files" date="2025-06-04T14:49:45.301" /><!-- duration: 7ms -->
          <step title="Cleaning up temp files" date="2025-06-04T14:49:45.311" /><!-- duration: 519ms -->
          <step title="Reloading status file with latest updates" date="2025-06-04T14:49:45.863" >
            <step title="WebHooksManager.PublishEventAsync: PostDeployment" date="2025-06-04T14:49:45.872" /><!-- duration: 33ms -->
          </step><!-- duration: 44ms -->
          <step title="Cleaning up temporary deployment - fetch deployment was successful" date="2025-06-04T14:49:45.911" /><!-- duration: 2ms -->
        </step><!-- duration: 4376ms -->
      </step><!-- duration: 5817ms -->
