<step title="Incoming Request" date="2025-06-04T20:52:18.634" instance="5c395b" url="/api/zipdeploy?isAsync=true" method="POST" type="request" pid="767,1,7" Accept="*/*" Host="appweb-waq4p4p6muise.scm.azurewebsites.net" User-Agent="AZURECLI/2.73.0 (HOMEBREW)" Accept-Encoding="gzip, deflate" Authorization="Bas..." Cache-Control="no-cache" Content-Type="application/octet-stream" Cookie="ARRAffinity=5c395bac9af7a360b7f41bfc5f7c41538d290e70c5e467720f7b4c4ba75d1d5d; ARRAffinitySameSite=5c395bac9af7a360b7f41bfc5f7c41538d290e70c5e467720f7b4c4ba75d1d5d" Content-Length="507041" x-ms-client-request-id="a9cbcb56-4185-11f0-b3a9-6681aebc0c60" x-ms-artifact-checksum="85a8bcf147fe278c4e201f49e554372f4f01d10fcf63debca025690c7756426b" X-ARR-LOG-ID="a9cbcb56-4185-11f0-b3a9-6681aebc0c60" CLIENT-IP="99.233.15.57:55017" X-SITE-DEPLOYMENT-ID="appweb-waq4p4p6muise" WAS-DEFAULT-HOSTNAME="appweb-waq4p4p6muise.scm.azurewebsites.net" X-Forwarded-Proto="https" X-AppService-Proto="https" X-Forwarded-TlsVersion="1.3" X-WAWS-Unencoded-URL="/api/zipdeploy?isAsync=true" X-Client-IP="99.233.15.57" X-Client-Port="55017" >
  <step title="Cleanup Xml Logs" date="2025-06-04T20:52:18.643" /><!-- duration: 21ms -->
  <step title="ZipPushDeploy" date="2025-06-04T20:52:18.986" >
    <step title="ZipDeploy. Extract zip. Remote build." date="2025-06-04T20:52:19.007" /><!-- duration: 9ms -->
    <step title="None repository commit" date="2025-06-04T20:52:19.066" >
      <step title="Commit id: bcf8ec88-d81e-4ccc-846f-0228742adb44" date="2025-06-04T20:52:19.075" Message="N/A" AuthorName="N/A" AuthorEmail="N/A" /><!-- duration: 3ms -->
    </step><!-- duration: 41ms -->
    <step title="Starting PushDeployAsync" date="2025-06-04T20:52:19.116" /><!-- duration: 9ms -->
    <step title="Writing artifact to /tmp/zipdeploy/308d9339-995d-4f1c-bf55-f41ade819f11.zip" date="2025-06-04T20:52:19.176" >
      <step title="Writing multipart request body to /tmp/zipdeploy/308d9339-995d-4f1c-bf55-f41ade819f11.zip" date="2025-06-04T20:52:19.196" /><!-- duration: 20ms -->
    </step><!-- duration: 363ms -->
    <step title="Start deployment in the background" date="2025-06-04T20:52:19.568" >
      <step title="Acquiring Deployment Lock" date="2025-06-04T20:52:19.649" /><!-- duration: 51ms -->
      <step title="Acquired Deployment Lock" date="2025-06-04T20:52:19.790" /><!-- duration: 9ms -->
    </step><!-- duration: 423ms -->
  </step><!-- duration: 1117ms -->
  <step title="Outgoing response" date="2025-06-04T20:52:20.150" type="response" statusCode="202" statusText="Accepted" /><!-- duration: 3ms -->
</step><!-- duration: 1530ms -->
