<step title="Incoming Request" date="2025-06-04T13:09:23.970" instance="5c395b" url="/api/zipdeploy?isAsync=true" method="POST" type="request" pid="767,1,21" Accept="application/json" Host="appweb-waq4p4p6muise.scm.azurewebsites.net" User-Agent="azsdk-go-zip-deploy/1.0.0 (go1.24.0 X:loopvar; darwin),azdev/1.16.1 (Go go1.24.0 X:loopvar; darwin/arm64)" Accept-Encoding="gzip" Authorization="Bea..." Content-Type="application/octet-stream" Content-Length="495255" X-Ms-Correlation-Request-Id="351b7227c842e613a5f59d68d8dc27da" X-ARR-LOG-ID="351b7227-c842-e613-a5f5-9d68d8dc27da" CLIENT-IP="99.233.15.57:57133" X-SITE-DEPLOYMENT-ID="appweb-waq4p4p6muise" WAS-DEFAULT-HOSTNAME="appweb-waq4p4p6muise.scm.azurewebsites.net" X-Forwarded-Proto="https" X-AppService-Proto="https" X-Forwarded-TlsVersion="1.3" X-WAWS-Unencoded-URL="/api/zipdeploy?isAsync=true" X-Client-IP="99.233.15.57" X-Client-Port="57133" >
  <step title="Cleanup Xml Logs" date="2025-06-04T13:09:23.972" /><!-- duration: 3ms -->
  <step title="ZipPushDeploy" date="2025-06-04T13:09:24.080" >
    <step title="ZipDeploy. Extract zip." date="2025-06-04T13:09:24.090" /><!-- duration: 1ms -->
    <step title="None repository commit" date="2025-06-04T13:09:24.097" >
      <step title="Commit id: fd916a75-22f5-4735-ab44-b9145890fdfe" date="2025-06-04T13:09:24.099" Message="N/A" AuthorName="N/A" AuthorEmail="N/A" /><!-- duration: 1ms -->
    </step><!-- duration: 5ms -->
    <step title="Starting PushDeployAsync" date="2025-06-04T13:09:24.104" /><!-- duration: 1ms -->
    <step title="Writing artifact to /tmp/zipdeploy/8313c015-894a-4ced-986e-486d31f702d5.zip" date="2025-06-04T13:09:24.122" >
      <step title="Writing multipart request body to /tmp/zipdeploy/8313c015-894a-4ced-986e-486d31f702d5.zip" date="2025-06-04T13:09:24.129" /><!-- duration: 16ms -->
    </step><!-- duration: 107ms -->
    <step title="Start deployment in the background" date="2025-06-04T13:09:24.243" >
      <step title="Acquiring Deployment Lock" date="2025-06-04T13:09:24.271" /><!-- duration: 11ms -->
      <step title="Acquired Deployment Lock" date="2025-06-04T13:09:24.344" /><!-- duration: 2ms -->
    </step><!-- duration: 179ms -->
  </step><!-- duration: 353ms -->
  <step title="Outgoing response" date="2025-06-04T13:09:24.454" type="response" statusCode="202" statusText="Accepted" /><!-- duration: 2ms -->
</step><!-- duration: 488ms -->
