<step title="Incoming Request" date="2025-06-04T14:39:23.324" instance="5c395b" url="/api/zipdeploy?isAsync=true" method="POST" type="request" pid="767,1,17" Accept="application/json" Host="appweb-waq4p4p6muise.scm.azurewebsites.net" User-Agent="azsdk-go-zip-deploy/1.0.0 (go1.24.0 X:loopvar; darwin),azdev/1.16.1 (Go go1.24.0 X:loopvar; darwin/arm64)" Accept-Encoding="gzip" Authorization="Bea..." Content-Type="application/octet-stream" Content-Length="495255" X-Ms-Correlation-Request-Id="d1d694ff1a47962d42be9d0812105ebb" X-ARR-LOG-ID="d1d694ff-1a47-962d-42be-9d0812105ebb" CLIENT-IP="99.233.15.57:58286" X-SITE-DEPLOYMENT-ID="appweb-waq4p4p6muise" WAS-DEFAULT-HOSTNAME="appweb-waq4p4p6muise.scm.azurewebsites.net" X-Forwarded-Proto="https" X-AppService-Proto="https" X-Forwarded-TlsVersion="1.3" X-WAWS-Unencoded-URL="/api/zipdeploy?isAsync=true" X-Client-IP="99.233.15.57" X-Client-Port="58286" >
  <step title="Cleanup Xml Logs" date="2025-06-04T14:39:23.326" /><!-- duration: 3ms -->
  <step title="ZipPushDeploy" date="2025-06-04T14:39:23.333" >
    <step title="ZipDeploy. Extract zip." date="2025-06-04T14:39:23.337" /><!-- duration: 2ms -->
    <step title="Starting PushDeployAsync" date="2025-06-04T14:39:23.342" /><!-- duration: 1ms -->
    <step title="Writing artifact to /tmp/zipdeploy/560d8402-cec5-4a2b-bfcd-b4c221abf84f.zip" date="2025-06-04T14:39:23.352" >
      <step title="Writing multipart request body to /tmp/zipdeploy/560d8402-cec5-4a2b-bfcd-b4c221abf84f.zip" date="2025-06-04T14:39:23.354" /><!-- duration: 6ms -->
    </step><!-- duration: 28ms -->
    <step title="Start deployment in the background" date="2025-06-04T14:39:23.394" >
      <step title="Acquiring Deployment Lock" date="2025-06-04T14:39:23.412" /><!-- duration: 2ms -->
      <step title="Acquired Deployment Lock" date="2025-06-04T14:39:23.429" /><!-- duration: 2ms -->
    </step><!-- duration: 85ms -->
  </step><!-- duration: 148ms -->
  <step title="Outgoing response" date="2025-06-04T14:39:23.483" type="response" statusCode="202" statusText="Accepted" /><!-- duration: 1ms -->
</step><!-- duration: 162ms -->
