<step title="BackgroundTrace" date="2025-06-04T01:41:29.469" instance="5c395b" url="/api/zipdeploy" method="POST" >
  <step title="Creating temporary deployment - FetchDeploymentManager" date="2025-06-04T01:41:29.544" /><!-- duration: 2ms -->
  <step title="Creating temporary deployment" date="2025-06-04T01:41:29.557" /><!-- duration: 44ms -->
  <step title="Performing fetch based deployment" date="2025-06-04T01:41:29.687" >
    <step title="Cleaning up temp folders from previous zip deployments and extracting pushed zip file /tmp/zipdeploy/c1ffb639-dd15-40a9-8474-8e93cf559855.zip (0.56 MB) to /tmp/zipdeploy/extracted" date="2025-06-04T01:41:30.781" >
      <step title="ChmodRecursive Process exited with total time taken in ms: 72" date="2025-06-04T01:41:30.942" /><!-- duration: 9ms -->
    </step><!-- duration: 172ms -->
    <step title="Deployment timer started" date="2025-06-04T01:41:32.973" >
      <step title="DeploymentManager.Deploy(id:b2f93f48-601d-4b66-9e73-ea810b902f83)" date="2025-06-04T01:41:32.981" >
        <step title="Collecting changeset information" date="2025-06-04T01:41:33.003" /><!-- duration: 135ms -->
        <step title="Updating submodules" date="2025-06-04T01:41:33.141" /><!-- duration: 1066ms -->
        <step title="Determining deployment builder" date="2025-06-04T01:41:34.442" >
          <step title="Builder is BasicBuilder" date="2025-06-04T01:41:34.484" /><!-- duration: 1ms -->
        </step><!-- duration: 47ms -->
        <step title="PreDeployment: context.CleanOutputPath False" date="2025-06-04T01:41:34.515" >
          <step title="PreDeployment: context.OutputPath /home/site/wwwroot" date="2025-06-04T01:41:34.572" >
            <step title="Building" date="2025-06-04T01:41:34.637" >
              <step title="Generating deployment script" date="2025-06-04T01:41:34.715" >
                <step title="Using cached version of the deployment script for command: -y --no-dot-deployment -r &quot;/tmp/zipdeploy/extracted&quot; -o &quot;/home/site/deployments/tools&quot; --basic --sitePath &quot;/tmp/zipdeploy/extracted&quot;" date="2025-06-04T01:41:34.757" /><!-- duration: 8ms -->
              </step><!-- duration: 80ms -->
              <step title="Executing external process" date="2025-06-04T01:41:34.912" type="process" path="starter.sh" arguments="&quot;/home/site/deployments/tools/deploy.sh&quot;" /><!-- duration: 2086ms -->
              <step title="Triggering recycle (preview mode disabled)." date="2025-06-04T01:41:37.238" /><!-- duration: 5ms -->
              <step title="Modified file to trigger a restart of the app container." date="2025-06-04T01:41:37.280" /><!-- duration: 1ms -->
              <step title="Skip function trigger and logicapp sync because function is not enabled." date="2025-06-04T01:41:37.284" /><!-- duration: 2ms -->
            </step><!-- duration: 3130ms -->
          </step><!-- duration: 3199ms -->
          <step title="Cleaning up temp files" date="2025-06-04T01:41:37.773" /><!-- duration: 9ms -->
          <step title="Cleaning up temp files" date="2025-06-04T01:41:37.783" /><!-- duration: 509ms -->
          <step title="Reloading status file with latest updates" date="2025-06-04T01:41:38.581" >
            <step title="WebHooksManager.PublishEventAsync: PostDeployment" date="2025-06-04T01:41:38.588" /><!-- duration: 30ms -->
          </step><!-- duration: 38ms -->
          <step title="Cleaning up temporary deployment - fetch deployment was successful" date="2025-06-04T01:41:38.627" /><!-- duration: 2ms -->
        </step><!-- duration: 4160ms -->
      </step><!-- duration: 5710ms -->
