<step title="BackgroundTrace" date="2025-06-04T14:28:45.663" instance="5c395b" url="/api/zipdeploy" method="POST" >
  <step title="Creating temporary deployment - FetchDeploymentManager" date="2025-06-04T14:28:45.704" /><!-- duration: 2ms -->
  <step title="Creating temporary deployment" date="2025-06-04T14:28:45.708" /><!-- duration: 41ms -->
  <step title="Performing fetch based deployment" date="2025-06-04T14:28:45.786" >
    <step title="Cleaning up temp folders from previous zip deployments and extracting pushed zip file /tmp/zipdeploy/32092256-72c5-41e6-8914-9642076b362a.zip (0.47 MB) to /tmp/zipdeploy/extracted" date="2025-06-04T14:28:46.957" >
      <step title="ChmodRecursive Process exited with total time taken in ms: 92" date="2025-06-04T14:28:47.167" /><!-- duration: 10ms -->
    </step><!-- duration: 230ms -->
    <step title="Deployment timer started" date="2025-06-04T14:28:49.208" >
      <step title="DeploymentManager.Deploy(id:bab69831-1006-422d-bb79-2e1a69ccdefa)" date="2025-06-04T14:28:49.219" >
        <step title="Collecting changeset information" date="2025-06-04T14:28:49.242" /><!-- duration: 67ms -->
        <step title="Updating submodules" date="2025-06-04T14:28:49.312" /><!-- duration: 1069ms -->
        <step title="Determining deployment builder" date="2025-06-04T14:28:50.528" >
          <step title="Builder is BasicBuilder" date="2025-06-04T14:28:50.547" /><!-- duration: 8ms -->
        </step><!-- duration: 30ms -->
        <step title="PreDeployment: context.CleanOutputPath False" date="2025-06-04T14:28:50.598" >
          <step title="PreDeployment: context.OutputPath /home/site/wwwroot" date="2025-06-04T14:28:50.708" >
            <step title="Building" date="2025-06-04T14:28:50.872" >
              <step title="Generating deployment script" date="2025-06-04T14:28:50.944" >
                <step title="Using cached version of the deployment script for command: -y --no-dot-deployment -r &quot;/tmp/zipdeploy/extracted&quot; -o &quot;/home/site/deployments/tools&quot; --basic --sitePath &quot;/tmp/zipdeploy/extracted&quot;" date="2025-06-04T14:28:50.990" /><!-- duration: 1ms -->
              </step><!-- duration: 71ms -->
              <step title="Executing external process" date="2025-06-04T14:28:51.132" type="process" path="starter.sh" arguments="&quot;/home/site/deployments/tools/deploy.sh&quot;" /><!-- duration: 2106ms -->
              <step title="Triggering recycle (preview mode disabled)." date="2025-06-04T14:28:53.404" /><!-- duration: 9ms -->
              <step title="Modified file to trigger a restart of the app container." date="2025-06-04T14:28:53.440" /><!-- duration: 2ms -->
              <step title="Skip function trigger and logicapp sync because function is not enabled." date="2025-06-04T14:28:53.445" /><!-- duration: 6ms -->
              <step title="Purge deployment items" date="2025-06-04T14:28:54.122" >
                <step title="Remove b2f93f48-, Success, received at 06/04/2025 01:41:33" date="2025-06-04T14:28:54.164" /><!-- duration: 1ms -->
              </step><!-- duration: 46ms -->
            </step><!-- duration: 3334ms -->
          </step><!-- duration: 3501ms -->
          <step title="Cleaning up temp files" date="2025-06-04T14:28:54.210" /><!-- duration: 1ms -->
          <step title="Cleaning up temp files" date="2025-06-04T14:28:54.213" /><!-- duration: 505ms -->
          <step title="Reloading status file with latest updates" date="2025-06-04T14:28:54.740" >
            <step title="WebHooksManager.PublishEventAsync: PostDeployment" date="2025-06-04T14:28:54.751" /><!-- duration: 22ms -->
          </step><!-- duration: 35ms -->
          <step title="Cleaning up temporary deployment - fetch deployment was successful" date="2025-06-04T14:28:54.778" /><!-- duration: 3ms -->
        </step><!-- duration: 4238ms -->
      </step><!-- duration: 5630ms -->
