<step title="Incoming Request" date="2025-06-04T14:00:58.968" instance="5c395b" url="/api/zipdeploy?isAsync=true" method="POST" type="request" pid="767,1,29" Accept="application/json" Host="appweb-waq4p4p6muise.scm.azurewebsites.net" User-Agent="azsdk-go-zip-deploy/1.0.0 (go1.24.0 X:loopvar; darwin),azdev/1.16.1 (Go go1.24.0 X:loopvar; darwin/arm64)" Accept-Encoding="gzip" Authorization="Bea..." Content-Type="application/octet-stream" Content-Length="495255" X-Ms-Correlation-Request-Id="7518b7cb5efbc0533f23eb0fabc1654e" X-ARR-LOG-ID="7518b7cb-5efb-c053-3f23-eb0fabc1654e" CLIENT-IP="99.233.15.57:51907" X-SITE-DEPLOYMENT-ID="appweb-waq4p4p6muise" WAS-DEFAULT-HOSTNAME="appweb-waq4p4p6muise.scm.azurewebsites.net" X-Forwarded-Proto="https" X-AppService-Proto="https" X-Forwarded-TlsVersion="1.3" X-WAWS-Unencoded-URL="/api/zipdeploy?isAsync=true" X-Client-IP="99.233.15.57" X-Client-Port="51907" >
  <step title="Cleanup Xml Logs" date="2025-06-04T14:00:58.970" /><!-- duration: 4ms -->
  <step title="ZipPushDeploy" date="2025-06-04T14:00:58.979" >
    <step title="ZipDeploy. Extract zip." date="2025-06-04T14:00:58.986" /><!-- duration: 2ms -->
    <step title="Starting PushDeployAsync" date="2025-06-04T14:00:59.004" /><!-- duration: 2ms -->
    <step title="Writing artifact to /tmp/zipdeploy/a40f9e1e-4ad4-4fe6-b9ee-b17535e5f147.zip" date="2025-06-04T14:00:59.018" >
      <step title="Writing multipart request body to /tmp/zipdeploy/a40f9e1e-4ad4-4fe6-b9ee-b17535e5f147.zip" date="2025-06-04T14:00:59.019" /><!-- duration: 2ms -->
    </step><!-- duration: 29ms -->
    <step title="Start deployment in the background" date="2025-06-04T14:00:59.061" >
      <step title="Acquiring Deployment Lock" date="2025-06-04T14:00:59.079" /><!-- duration: 2ms -->
      <step title="Acquired Deployment Lock" date="2025-06-04T14:00:59.107" /><!-- duration: 1ms -->
    </step><!-- duration: 94ms -->
  </step><!-- duration: 179ms -->
  <step title="Outgoing response" date="2025-06-04T14:00:59.160" type="response" statusCode="202" statusText="Accepted" /><!-- duration: 2ms -->
</step><!-- duration: 196ms -->
