<step title="BackgroundTrace" date="2025-06-04T15:49:25.926" instance="5c395b" url="/api/zipdeploy" method="POST" >
  <step title="Creating temporary deployment - FetchDeploymentManager" date="2025-06-04T15:49:25.988" /><!-- duration: 2ms -->
  <step title="Creating temporary deployment" date="2025-06-04T15:49:25.994" /><!-- duration: 67ms -->
  <step title="Performing fetch based deployment" date="2025-06-04T15:49:26.118" >
    <step title="Cleaning up temp folders from previous zip deployments and extracting pushed zip file /tmp/zipdeploy/0bfb792d-3b39-4587-9b78-c5bff72484db.zip (0.47 MB) to /tmp/zipdeploy/extracted" date="2025-06-04T15:49:27.235" >
      <step title="ChmodRecursive Process exited with total time taken in ms: 71" date="2025-06-04T15:49:27.445" /><!-- duration: 9ms -->
    </step><!-- duration: 228ms -->
    <step title="Deployment timer started" date="2025-06-04T15:49:29.496" >
      <step title="DeploymentManager.Deploy(id:2455f745-35c6-4bf6-8f0c-72d9f56c8da7)" date="2025-06-04T15:49:29.502" >
        <step title="Collecting changeset information" date="2025-06-04T15:49:29.521" /><!-- duration: 89ms -->
        <step title="Updating submodules" date="2025-06-04T15:49:29.615" /><!-- duration: 1105ms -->
        <step title="Determining deployment builder" date="2025-06-04T15:49:30.859" >
          <step title="Builder is BasicBuilder" date="2025-06-04T15:49:30.882" /><!-- duration: 3ms -->
        </step><!-- duration: 29ms -->
        <step title="PreDeployment: context.CleanOutputPath False" date="2025-06-04T15:49:30.927" >
          <step title="PreDeployment: context.OutputPath /home/site/wwwroot" date="2025-06-04T15:49:31.004" >
            <step title="Building" date="2025-06-04T15:49:31.090" >
              <step title="Executing external process" date="2025-06-04T15:49:31.274" type="process" path="starter.sh" arguments="/opt/Kudu/Scripts/parallel_rsync.sh /tmp/zipdeploy/extracted /home/site/wwwroot 8 /tmp/ False True  " /><!-- duration: 4197ms -->
              <step title="Triggering recycle (preview mode disabled)." date="2025-06-04T15:49:35.641" /><!-- duration: 2ms -->
              <step title="Modified file to trigger a restart of the app container." date="2025-06-04T15:49:35.663" /><!-- duration: 8ms -->
              <step title="Skip function trigger and logicapp sync because function is not enabled." date="2025-06-04T15:49:35.674" /><!-- duration: 7ms -->
              <step title="Purge deployment items" date="2025-06-04T15:49:36.402" >
                <step title="Remove 87d465b9-, Success, received at 06/04/2025 13:37:43" date="2025-06-04T15:49:36.440" /><!-- duration: 2ms -->
              </step><!-- duration: 42ms -->
            </step><!-- duration: 5409ms -->
          </step><!-- duration: 5510ms -->
          <step title="Cleaning up temp files" date="2025-06-04T15:49:36.516" /><!-- duration: 2ms -->
          <step title="Cleaning up temp files" date="2025-06-04T15:49:36.525" /><!-- duration: 522ms -->
          <step title="Reloading status file with latest updates" date="2025-06-04T15:49:37.075" >
            <step title="WebHooksManager.PublishEventAsync: PostDeployment" date="2025-06-04T15:49:37.086" /><!-- duration: 23ms -->
          </step><!-- duration: 36ms -->
          <step title="Cleaning up temporary deployment - fetch deployment was successful" date="2025-06-04T15:49:37.115" /><!-- duration: 2ms -->
        </step><!-- duration: 6241ms -->
      </step><!-- duration: 7681ms -->
