<step title="BackgroundTrace" date="2025-06-04T19:21:10.642" instance="5c395b" url="/api/zipdeploy" method="POST" >
  <step title="Creating temporary deployment - FetchDeploymentManager" date="2025-06-04T19:21:10.695" /><!-- duration: 2ms -->
  <step title="Creating temporary deployment" date="2025-06-04T19:21:10.699" /><!-- duration: 56ms -->
  <step title="Performing fetch based deployment" date="2025-06-04T19:21:10.793" >
    <step title="Cleaning up temp folders from previous zip deployments and extracting pushed zip file /tmp/zipdeploy/f4d6349c-b3c7-4408-b497-3836cfa64017.zip (0.47 MB) to /tmp/zipdeploy/extracted" date="2025-06-04T19:21:11.963" >
      <step title="ChmodRecursive Process exited with total time taken in ms: 50" date="2025-06-04T19:21:12.106" /><!-- duration: 10ms -->
    </step><!-- duration: 170ms -->
    <step title="Deployment timer started" date="2025-06-04T19:21:14.156" >
      <step title="DeploymentManager.Deploy(id:c2ca1a00-b84b-414c-afbf-12623670f4ce)" date="2025-06-04T19:21:14.170" >
        <step title="Collecting changeset information" date="2025-06-04T19:21:14.191" /><!-- duration: 75ms -->
        <step title="Updating submodules" date="2025-06-04T19:21:14.271" /><!-- duration: 1125ms -->
        <step title="Determining deployment builder" date="2025-06-04T19:21:15.519" >
          <step title="Builder is BasicBuilder" date="2025-06-04T19:21:15.541" /><!-- duration: 3ms -->
        </step><!-- duration: 27ms -->
        <step title="PreDeployment: context.CleanOutputPath False" date="2025-06-04T19:21:15.583" >
          <step title="PreDeployment: context.OutputPath /home/site/wwwroot" date="2025-06-04T19:21:15.671" >
            <step title="Building" date="2025-06-04T19:21:15.754" >
              <step title="Executing external process" date="2025-06-04T19:21:15.966" type="process" path="starter.sh" arguments="/opt/Kudu/Scripts/parallel_rsync.sh /tmp/zipdeploy/extracted /home/site/wwwroot 8 /tmp/ False True  " /><!-- duration: 3422ms -->
              <step title="Triggering recycle (preview mode disabled)." date="2025-06-04T19:21:19.581" /><!-- duration: 2ms -->
              <step title="Modified file to trigger a restart of the app container." date="2025-06-04T19:21:19.602" /><!-- duration: 2ms -->
              <step title="Skip function trigger and logicapp sync because function is not enabled." date="2025-06-04T19:21:19.652" /><!-- duration: 2ms -->
              <step title="Purge deployment items" date="2025-06-04T19:21:20.448" >
                <step title="Remove 02db33e0-, Success, received at 06/04/2025 13:50:24" date="2025-06-04T19:21:20.492" /><!-- duration: 2ms -->
              </step><!-- duration: 49ms -->
            </step><!-- duration: 4798ms -->
          </step><!-- duration: 4884ms -->
          <step title="Cleaning up temp files" date="2025-06-04T19:21:20.557" /><!-- duration: 8ms -->
          <step title="Cleaning up temp files" date="2025-06-04T19:21:20.567" /><!-- duration: 511ms -->
          <step title="Reloading status file with latest updates" date="2025-06-04T19:21:21.096" >
            <step title="WebHooksManager.PublishEventAsync: PostDeployment" date="2025-06-04T19:21:21.105" /><!-- duration: 23ms -->
          </step><!-- duration: 34ms -->
          <step title="Cleaning up temporary deployment - fetch deployment was successful" date="2025-06-04T19:21:21.133" /><!-- duration: 3ms -->
        </step><!-- duration: 5603ms -->
      </step><!-- duration: 7027ms -->
