<step title="BackgroundTrace" date="2025-06-04T00:19:39.772" instance="5c395b" url="/api/zipdeploy" method="POST" >
  <step title="Creating temporary deployment - FetchDeploymentManager" date="2025-06-04T00:19:39.825" /><!-- duration: 1ms -->
  <step title="Creating temporary deployment" date="2025-06-04T00:19:39.829" /><!-- duration: 34ms -->
  <step title="Performing fetch based deployment" date="2025-06-04T00:19:39.938" >
    <step title="Cleaning up temp folders from previous zip deployments and extracting pushed zip file /tmp/zipdeploy/d0d5fd75-a544-4ac6-b69b-6218f5836eb6.zip (0.56 MB) to /tmp/zipdeploy/extracted" date="2025-06-04T00:19:41.288" >
      <step title="ChmodRecursive Process exited with total time taken in ms: 122" date="2025-06-04T00:19:41.499" /><!-- duration: 10ms -->
    </step><!-- duration: 230ms -->
    <step title="Deployment timer started" date="2025-06-04T00:19:43.532" >
      <step title="DeploymentManager.Deploy(id:2689d552-b113-4d0f-8b63-172078e87378)" date="2025-06-04T00:19:43.537" >
        <step title="Collecting changeset information" date="2025-06-04T00:19:43.553" /><!-- duration: 72ms -->
        <step title="Updating submodules" date="2025-06-04T00:19:43.628" /><!-- duration: 1132ms -->
        <step title="Determining deployment builder" date="2025-06-04T00:19:45.031" >
          <step title="Builder is BasicBuilder" date="2025-06-04T00:19:45.051" /><!-- duration: 8ms -->
        </step><!-- duration: 31ms -->
        <step title="PreDeployment: context.CleanOutputPath False" date="2025-06-04T00:19:45.111" >
          <step title="PreDeployment: context.OutputPath /home/site/wwwroot" date="2025-06-04T00:19:45.261" >
            <step title="Building" date="2025-06-04T00:19:45.403" >
              <step title="Generating deployment script" date="2025-06-04T00:19:45.504" >
                <step title="Executing external process" date="2025-06-04T00:19:45.595" type="process" path="starter.sh" arguments="&quot;/opt/Kudu/node_modules/.bin/kuduscript&quot; -y --no-dot-deployment -r &quot;/tmp/zipdeploy/extracted&quot; -o &quot;/home/site/deployments/tools&quot; --basic --sitePath &quot;/tmp/zipdeploy/extracted&quot;" /><!-- duration: 572ms -->
                <step title="Saved cached version of the deployment script for command -y --no-dot-deployment -r &quot;/tmp/zipdeploy/extracted&quot; -o &quot;/home/site/deployments/tools&quot; --basic --sitePath &quot;/tmp/zipdeploy/extracted&quot;" date="2025-06-04T00:19:46.289" /><!-- duration: 8ms -->
              </step><!-- duration: 794ms -->
              <step title="Executing external process" date="2025-06-04T00:19:46.409" type="process" path="starter.sh" arguments="&quot;/home/site/deployments/tools/deploy.sh&quot;" /><!-- duration: 645ms -->
              <step title="Triggering recycle (preview mode disabled)." date="2025-06-04T00:19:47.299" /><!-- duration: 9ms -->
              <step title="Modified file to trigger a restart of the app container." date="2025-06-04T00:19:47.334" /><!-- duration: 2ms -->
              <step title="Skip function trigger and logicapp sync because function is not enabled." date="2025-06-04T00:19:47.339" /><!-- duration: 2ms -->
            </step><!-- duration: 2450ms -->
          </step><!-- duration: 2600ms -->
          <step title="Cleaning up temp files" date="2025-06-04T00:19:47.863" /><!-- duration: 10ms -->
          <step title="Cleaning up temp files" date="2025-06-04T00:19:47.874" /><!-- duration: 510ms -->
          <step title="Reloading status file with latest updates" date="2025-06-04T00:19:48.425" >
            <step title="WebHooksManager.PublishEventAsync: PostDeployment" date="2025-06-04T00:19:48.473" /><!-- duration: 150ms -->
          </step><!-- duration: 207ms -->
          <step title="Cleaning up temporary deployment - fetch deployment was successful" date="2025-06-04T00:19:48.643" /><!-- duration: 1ms -->
        </step><!-- duration: 3581ms -->
      </step><!-- duration: 5164ms -->
