<step title="Incoming Request" date="2025-06-04T13:27:05.861" instance="5c395b" url="/api/zipdeploy?isAsync=true" method="POST" type="request" pid="767,1,5" Accept="application/json" Host="appweb-waq4p4p6muise.scm.azurewebsites.net" User-Agent="azsdk-go-zip-deploy/1.0.0 (go1.24.0 X:loopvar; darwin),azdev/1.16.1 (Go go1.24.0 X:loopvar; darwin/arm64)" Accept-Encoding="gzip" Authorization="Bea..." Content-Type="application/octet-stream" Content-Length="495255" X-Ms-Correlation-Request-Id="bd990a44f2bb7f1d8cabf09cb108f29c" X-ARR-LOG-ID="bd990a44-f2bb-7f1d-8cab-f09cb108f29c" CLIENT-IP="99.233.15.57:60263" X-SITE-DEPLOYMENT-ID="appweb-waq4p4p6muise" WAS-DEFAULT-HOSTNAME="appweb-waq4p4p6muise.scm.azurewebsites.net" X-Forwarded-Proto="https" X-AppService-Proto="https" X-Forwarded-TlsVersion="1.3" X-WAWS-Unencoded-URL="/api/zipdeploy?isAsync=true" X-Client-IP="99.233.15.57" X-Client-Port="60263" >
  <step title="Cleanup Xml Logs" date="2025-06-04T13:27:05.864" /><!-- duration: 6ms -->
  <step title="ZipPushDeploy" date="2025-06-04T13:27:05.897" >
    <step title="ZipDeploy. Extract zip." date="2025-06-04T13:27:05.908" /><!-- duration: 1ms -->
    <step title="Starting PushDeployAsync" date="2025-06-04T13:27:05.913" /><!-- duration: 1ms -->
    <step title="Writing artifact to /tmp/zipdeploy/e6f54955-bd3d-4eeb-a960-11cf573c2b5c.zip" date="2025-06-04T13:27:05.926" >
      <step title="Writing multipart request body to /tmp/zipdeploy/e6f54955-bd3d-4eeb-a960-11cf573c2b5c.zip" date="2025-06-04T13:27:05.928" /><!-- duration: 8ms -->
    </step><!-- duration: 51ms -->
    <step title="Start deployment in the background" date="2025-06-04T13:27:05.990" >
      <step title="Acquiring Deployment Lock" date="2025-06-04T13:27:06.007" /><!-- duration: 2ms -->
      <step title="Acquired Deployment Lock" date="2025-06-04T13:27:06.036" /><!-- duration: 2ms -->
    </step><!-- duration: 113ms -->
  </step><!-- duration: 209ms -->
  <step title="Outgoing response" date="2025-06-04T13:27:06.109" type="response" statusCode="202" statusText="Accepted" /><!-- duration: 2ms -->
</step><!-- duration: 252ms -->
