<step title="BackgroundTrace" date="2025-06-04T15:21:56.433" instance="5c395b" url="/api/zipdeploy" method="POST" >
  <step title="Creating temporary deployment - FetchDeploymentManager" date="2025-06-04T15:21:56.478" /><!-- duration: 2ms -->
  <step title="Creating temporary deployment" date="2025-06-04T15:21:56.482" /><!-- duration: 55ms -->
  <step title="Performing fetch based deployment" date="2025-06-04T15:21:56.580" >
    <step title="Cleaning up temp folders from previous zip deployments and extracting pushed zip file /tmp/zipdeploy/2303376e-fbdf-44d5-8d2e-b24bb8fb6435.zip (0.47 MB) to /tmp/zipdeploy/extracted" date="2025-06-04T15:21:58.015" >
      <step title="ChmodRecursive Process exited with total time taken in ms: 51" date="2025-06-04T15:21:58.152" /><!-- duration: 9ms -->
    </step><!-- duration: 164ms -->
    <step title="Deployment timer started" date="2025-06-04T15:22:00.188" >
      <step title="DeploymentManager.Deploy(id:fcefbb20-d4f7-4435-87a5-5960dd4b77cc)" date="2025-06-04T15:22:00.194" >
        <step title="Collecting changeset information" date="2025-06-04T15:22:00.211" /><!-- duration: 93ms -->
        <step title="Updating submodules" date="2025-06-04T15:22:00.309" /><!-- duration: 1084ms -->
        <step title="Determining deployment builder" date="2025-06-04T15:22:01.514" >
          <step title="Builder is BasicBuilder" date="2025-06-04T15:22:01.537" /><!-- duration: 4ms -->
        </step><!-- duration: 46ms -->
        <step title="PreDeployment: context.CleanOutputPath False" date="2025-06-04T15:22:01.591" >
          <step title="PreDeployment: context.OutputPath /home/site/wwwroot" date="2025-06-04T15:22:01.669" >
            <step title="Building" date="2025-06-04T15:22:01.770" >
              <step title="Executing external process" date="2025-06-04T15:22:02.020" type="process" path="starter.sh" arguments="/opt/Kudu/Scripts/parallel_rsync.sh /tmp/zipdeploy/extracted /home/site/wwwroot 8 /tmp/ False True  " /><!-- duration: 5884ms -->
              <step title="Triggering recycle (preview mode disabled)." date="2025-06-04T15:22:08.186" /><!-- duration: 10ms -->
              <step title="Modified file to trigger a restart of the app container." date="2025-06-04T15:22:08.254" /><!-- duration: 10ms -->
              <step title="Skip function trigger and logicapp sync because function is not enabled." date="2025-06-04T15:22:08.295" /><!-- duration: 11ms -->
              <step title="Purge deployment items" date="2025-06-04T15:22:09.785" >
                <step title="Remove 3ae99a90-, Success, received at 06/04/2025 13:27:09" date="2025-06-04T15:22:09.827" /><!-- duration: 2ms -->
              </step><!-- duration: 46ms -->
            </step><!-- duration: 8105ms -->
          </step><!-- duration: 8211ms -->
          <step title="Cleaning up temp files" date="2025-06-04T15:22:09.882" /><!-- duration: 3ms -->
          <step title="Cleaning up temp files" date="2025-06-04T15:22:09.903" /><!-- duration: 504ms -->
          <step title="Reloading status file with latest updates" date="2025-06-04T15:22:10.424" >
            <step title="WebHooksManager.PublishEventAsync: PostDeployment" date="2025-06-04T15:22:10.430" /><!-- duration: 37ms -->
          </step><!-- duration: 44ms -->
          <step title="Cleaning up temporary deployment - fetch deployment was successful" date="2025-06-04T15:22:10.474" /><!-- duration: 2ms -->
        </step><!-- duration: 8940ms -->
      </step><!-- duration: 10353ms -->
