<step title="Incoming Request" date="2025-06-04T00:19:39.108" instance="5c395b" url="/api/zipdeploy?isAsync=true" method="POST" type="request" pid="768,1,7" Accept="application/json" Host="appweb-waq4p4p6muise.scm.azurewebsites.net" User-Agent="azsdk-go-zip-deploy/1.0.0 (go1.24.0 X:loopvar; darwin),azdev/1.16.1 (Go go1.24.0 X:loopvar; darwin/arm64)" Accept-Encoding="gzip" Authorization="Bea..." Content-Type="application/octet-stream" Content-Length="585459" X-Ms-Correlation-Request-Id="93624b61c1891ce2e489a1b10ec17f76" X-ARR-LOG-ID="93624b61-c189-1ce2-e489-a1b10ec17f76" CLIENT-IP="99.233.15.57:51051" X-SITE-DEPLOYMENT-ID="appweb-waq4p4p6muise" WAS-DEFAULT-HOSTNAME="appweb-waq4p4p6muise.scm.azurewebsites.net" X-Forwarded-Proto="https" X-AppService-Proto="https" X-Forwarded-TlsVersion="1.3" X-WAWS-Unencoded-URL="/api/zipdeploy?isAsync=true" X-Client-IP="99.233.15.57" X-Client-Port="51051" >
  <step title="ZipPushDeploy" date="2025-06-04T00:19:39.631" >
    <step title="ZipDeploy. Extract zip." date="2025-06-04T00:19:39.637" /><!-- duration: 3ms -->
    <step title="None repository commit" date="2025-06-04T00:19:39.644" >
      <step title="Commit id: 2689d552-b113-4d0f-8b63-172078e87378" date="2025-06-04T00:19:39.646" Message="N/A" AuthorName="N/A" AuthorEmail="N/A" /><!-- duration: 2ms -->
    </step><!-- duration: 5ms -->
    <step title="Starting PushDeployAsync" date="2025-06-04T00:19:39.651" /><!-- duration: 2ms -->
    <step title="Writing artifact to /tmp/zipdeploy/d0d5fd75-a544-4ac6-b69b-6218f5836eb6.zip" date="2025-06-04T00:19:39.663" >
      <step title="Writing multipart request body to /tmp/zipdeploy/d0d5fd75-a544-4ac6-b69b-6218f5836eb6.zip" date="2025-06-04T00:19:39.666" /><!-- duration: 2ms -->
    </step><!-- duration: 98ms -->
    <step title="Start deployment in the background" date="2025-06-04T00:19:39.769" >
      <step title="Acquiring Deployment Lock" date="2025-06-04T00:19:39.785" /><!-- duration: 2ms -->
      <step title="Acquired Deployment Lock" date="2025-06-04T00:19:39.821" /><!-- duration: 2ms -->
    </step><!-- duration: 97ms -->
  </step><!-- duration: 244ms -->
  <step title="Outgoing response" date="2025-06-04T00:19:39.896" type="response" statusCode="202" statusText="Accepted" /><!-- duration: 2ms -->
</step><!-- duration: 792ms -->
