<step title="Incoming Request" date="2025-06-04T13:19:47.314" instance="5c395b" url="/api/zipdeploy?isAsync=true" method="POST" type="request" pid="767,1,15" Accept="application/json" Host="appweb-waq4p4p6muise.scm.azurewebsites.net" User-Agent="azsdk-go-zip-deploy/1.0.0 (go1.24.0 X:loopvar; darwin),azdev/1.16.1 (Go go1.24.0 X:loopvar; darwin/arm64)" Accept-Encoding="gzip" Authorization="Bea..." Content-Type="application/octet-stream" Content-Length="495255" X-Ms-Correlation-Request-Id="351b7227c842e613a5f59d68d8dc27da" X-ARR-LOG-ID="351b7227-c842-e613-a5f5-9d68d8dc27da" CLIENT-IP="99.233.15.57:59875" X-SITE-DEPLOYMENT-ID="appweb-waq4p4p6muise" WAS-DEFAULT-HOSTNAME="appweb-waq4p4p6muise.scm.azurewebsites.net" X-Forwarded-Proto="https" X-AppService-Proto="https" X-Forwarded-TlsVersion="1.3" X-WAWS-Unencoded-URL="/api/zipdeploy?isAsync=true" X-Client-IP="99.233.15.57" X-Client-Port="59875" >
  <step title="Cleanup Xml Logs" date="2025-06-04T13:19:47.316" /><!-- duration: 4ms -->
  <step title="ZipPushDeploy" date="2025-06-04T13:19:47.338" >
    <step title="ZipDeploy. Extract zip." date="2025-06-04T13:19:47.344" /><!-- duration: 2ms -->
    <step title="Starting PushDeployAsync" date="2025-06-04T13:19:47.350" /><!-- duration: 2ms -->
    <step title="Writing artifact to /tmp/zipdeploy/692339d3-2396-4306-8ddb-7d62b98aeec9.zip" date="2025-06-04T13:19:47.363" >
      <step title="Writing multipart request body to /tmp/zipdeploy/692339d3-2396-4306-8ddb-7d62b98aeec9.zip" date="2025-06-04T13:19:47.365" /><!-- duration: 3ms -->
    </step><!-- duration: 56ms -->
    <step title="Start deployment in the background" date="2025-06-04T13:19:47.444" >
      <step title="Acquiring Deployment Lock" date="2025-06-04T13:19:47.452" /><!-- duration: 10ms -->
      <step title="Acquired Deployment Lock" date="2025-06-04T13:19:47.485" /><!-- duration: 2ms -->
    </step><!-- duration: 98ms -->
  </step><!-- duration: 207ms -->
  <step title="Outgoing response" date="2025-06-04T13:19:47.550" type="response" statusCode="202" statusText="Accepted" /><!-- duration: 2ms -->
</step><!-- duration: 239ms -->
