<step title="BackgroundTrace" date="2025-06-04T00:05:37.961" instance="5c395b" url="/api/zipdeploy" method="POST" >
  <step title="Creating temporary deployment - FetchDeploymentManager" date="2025-06-04T00:05:38.161" /><!-- duration: 19ms -->
  <step title="Creating temporary deployment" date="2025-06-04T00:05:38.183" /><!-- duration: 170ms -->
  <step title="Performing fetch based deployment" date="2025-06-04T00:05:38.825" >
    <step title="Cleaning up temp folders from previous zip deployments and extracting pushed zip file /tmp/zipdeploy/aa873e95-0a0b-4d74-bb83-095d42e99c30.zip (0.56 MB) to /tmp/zipdeploy/extracted" date="2025-06-04T00:05:40.289" >
      <step title="ChmodRecursive Process exited with total time taken in ms: 70" date="2025-06-04T00:05:40.436" /><!-- duration: 2ms -->
    </step><!-- duration: 158ms -->
    <step title="Deployment timer started" date="2025-06-04T00:05:42.464" >
      <step title="DeploymentManager.Deploy(id:1c0f9d2f-38f9-4201-a4e6-9bced154f1ed)" date="2025-06-04T00:05:42.496" >
        <step title="Collecting changeset information" date="2025-06-04T00:05:42.525" /><!-- duration: 98ms -->
        <step title="Updating submodules" date="2025-06-04T00:05:42.644" /><!-- duration: 1109ms -->
        <step title="Determining deployment builder" date="2025-06-04T00:05:43.914" >
          <step title="Builder is BasicBuilder" date="2025-06-04T00:05:43.925" /><!-- duration: 2ms -->
        </step><!-- duration: 15ms -->
        <step title="PreDeployment: context.CleanOutputPath False" date="2025-06-04T00:05:43.953" >
          <step title="PreDeployment: context.OutputPath /home/site/wwwroot" date="2025-06-04T00:05:44.009" >
            <step title="Building" date="2025-06-04T00:05:44.086" >
              <step title="Executing external process" date="2025-06-04T00:05:44.249" type="process" path="starter.sh" arguments="/opt/Kudu/Scripts/parallel_rsync.sh /tmp/zipdeploy/extracted /home/site/wwwroot 8 /tmp/ False True  " /><!-- duration: 2384ms -->
              <step title="Triggering recycle (preview mode disabled)." date="2025-06-04T00:05:47.069" /><!-- duration: 2ms -->
              <step title="Modified file to trigger a restart of the app container." date="2025-06-04T00:05:47.090" /><!-- duration: 2ms -->
              <step title="Skip function trigger and logicapp sync because function is not enabled." date="2025-06-04T00:05:47.096" /><!-- duration: 2ms -->
            </step><!-- duration: 3441ms -->
          </step><!-- duration: 3521ms -->
          <step title="Cleaning up temp files" date="2025-06-04T00:05:47.532" /><!-- duration: 3ms -->
          <step title="Cleaning up temp files" date="2025-06-04T00:05:47.536" /><!-- duration: 503ms -->
          <step title="Reloading status file with latest updates" date="2025-06-04T00:05:48.063" >
            <step title="WebHooksManager.PublishEventAsync: PostDeployment" date="2025-06-04T00:05:48.065" /><!-- duration: 74ms -->
          </step><!-- duration: 79ms -->
          <step title="Cleaning up temporary deployment - fetch deployment was successful" date="2025-06-04T00:05:48.145" /><!-- duration: 2ms -->
        </step><!-- duration: 4237ms -->
      </step><!-- duration: 5704ms -->
