<step title="BackgroundTrace" date="2025-06-04T14:39:23.400" instance="5c395b" url="/api/zipdeploy" method="POST" >
  <step title="Creating temporary deployment - FetchDeploymentManager" date="2025-06-04T14:39:23.433" /><!-- duration: 1ms -->
  <step title="Creating temporary deployment" date="2025-06-04T14:39:23.440" /><!-- duration: 36ms -->
  <step title="Performing fetch based deployment" date="2025-06-04T14:39:23.511" >
    <step title="Cleaning up temp folders from previous zip deployments and extracting pushed zip file /tmp/zipdeploy/560d8402-cec5-4a2b-bfcd-b4c221abf84f.zip (0.47 MB) to /tmp/zipdeploy/extracted" date="2025-06-04T14:39:25.066" >
      <step title="ChmodRecursive Process exited with total time taken in ms: 51" date="2025-06-04T14:39:25.204" /><!-- duration: 9ms -->
    </step><!-- duration: 166ms -->
    <step title="Deployment timer started" date="2025-06-04T14:39:27.252" >
      <step title="DeploymentManager.Deploy(id:ae471612-d25f-4531-a708-cff851b608ec)" date="2025-06-04T14:39:27.257" >
        <step title="Collecting changeset information" date="2025-06-04T14:39:27.276" /><!-- duration: 78ms -->
        <step title="Updating submodules" date="2025-06-04T14:39:27.356" /><!-- duration: 1076ms -->
        <step title="Determining deployment builder" date="2025-06-04T14:39:28.562" >
          <step title="Builder is BasicBuilder" date="2025-06-04T14:39:28.574" /><!-- duration: 8ms -->
        </step><!-- duration: 21ms -->
        <step title="PreDeployment: context.CleanOutputPath False" date="2025-06-04T14:39:28.621" >
          <step title="PreDeployment: context.OutputPath /home/site/wwwroot" date="2025-06-04T14:39:28.686" >
            <step title="Building" date="2025-06-04T14:39:28.776" >
              <step title="Generating deployment script" date="2025-06-04T14:39:28.847" >
                <step title="Using cached version of the deployment script for command: -y --no-dot-deployment -r &quot;/tmp/zipdeploy/extracted&quot; -o &quot;/home/site/deployments/tools&quot; --basic --sitePath &quot;/tmp/zipdeploy/extracted&quot;" date="2025-06-04T14:39:28.902" /><!-- duration: 2ms -->
              </step><!-- duration: 82ms -->
              <step title="Executing external process" date="2025-06-04T14:39:29.040" type="process" path="starter.sh" arguments="&quot;/home/site/deployments/tools/deploy.sh&quot;" /><!-- duration: 866ms -->
              <step title="Triggering recycle (preview mode disabled)." date="2025-06-04T14:39:30.056" /><!-- duration: 1ms -->
              <step title="Modified file to trigger a restart of the app container." date="2025-06-04T14:39:30.088" /><!-- duration: 2ms -->
              <step title="Skip function trigger and logicapp sync because function is not enabled." date="2025-06-04T14:39:30.091" /><!-- duration: 5ms -->
              <step title="Purge deployment items" date="2025-06-04T14:39:30.788" >
                <step title="Remove 3d87026f-, Success, received at 06/04/2025 01:51:58" date="2025-06-04T14:39:30.828" /><!-- duration: 2ms -->
              </step><!-- duration: 51ms -->
            </step><!-- duration: 2101ms -->
          </step><!-- duration: 2194ms -->
          <step title="Cleaning up temp files" date="2025-06-04T14:39:30.882" /><!-- duration: 8ms -->
          <step title="Cleaning up temp files" date="2025-06-04T14:39:30.892" /><!-- duration: 512ms -->
          <step title="Reloading status file with latest updates" date="2025-06-04T14:39:31.434" >
            <step title="WebHooksManager.PublishEventAsync: PostDeployment" date="2025-06-04T14:39:31.448" /><!-- duration: 32ms -->
          </step><!-- duration: 48ms -->
          <step title="Cleaning up temporary deployment - fetch deployment was successful" date="2025-06-04T14:39:31.486" /><!-- duration: 2ms -->
        </step><!-- duration: 2923ms -->
      </step><!-- duration: 4298ms -->
