<step title="BackgroundTrace" date="2025-06-04T13:37:39.762" instance="5c395b" url="/api/zipdeploy" method="POST" >
  <step title="Creating temporary deployment - FetchDeploymentManager" date="2025-06-04T13:37:39.805" /><!-- duration: 3ms -->
  <step title="Creating temporary deployment" date="2025-06-04T13:37:39.810" /><!-- duration: 52ms -->
  <step title="Performing fetch based deployment" date="2025-06-04T13:37:39.888" >
    <step title="Cleaning up temp folders from previous zip deployments and extracting pushed zip file /tmp/zipdeploy/5cac33d7-cf04-465a-a129-6492bfc903f2.zip (0.47 MB) to /tmp/zipdeploy/extracted" date="2025-06-04T13:37:41.017" >
      <step title="ChmodRecursive Process exited with total time taken in ms: 60" date="2025-06-04T13:37:41.182" /><!-- duration: 9ms -->
    </step><!-- duration: 192ms -->
    <step title="Deployment timer started" date="2025-06-04T13:37:43.223" >
      <step title="DeploymentManager.Deploy(id:87d465b9-c0d5-42eb-a0a5-93785b36aaa6)" date="2025-06-04T13:37:43.238" >
        <step title="Collecting changeset information" date="2025-06-04T13:37:43.250" /><!-- duration: 69ms -->
        <step title="Updating submodules" date="2025-06-04T13:37:43.323" /><!-- duration: 1067ms -->
        <step title="Determining deployment builder" date="2025-06-04T13:37:44.525" >
          <step title="Builder is BasicBuilder" date="2025-06-04T13:37:44.548" /><!-- duration: 2ms -->
        </step><!-- duration: 40ms -->
        <step title="PreDeployment: context.CleanOutputPath False" date="2025-06-04T13:37:44.601" >
          <step title="PreDeployment: context.OutputPath /home/site/wwwroot" date="2025-06-04T13:37:44.668" >
            <step title="Building" date="2025-06-04T13:37:44.764" >
              <step title="Generating deployment script" date="2025-06-04T13:37:44.846" >
                <step title="Using cached version of the deployment script for command: -y --no-dot-deployment -r &quot;/tmp/zipdeploy/extracted&quot; -o &quot;/home/site/deployments/tools&quot; --basic --sitePath &quot;/tmp/zipdeploy/extracted&quot;" date="2025-06-04T13:37:44.890" /><!-- duration: 1ms -->
              </step><!-- duration: 61ms -->
              <step title="Executing external process" date="2025-06-04T13:37:45.022" type="process" path="starter.sh" arguments="&quot;/home/site/deployments/tools/deploy.sh&quot;" /><!-- duration: 913ms -->
              <step title="Triggering recycle (preview mode disabled)." date="2025-06-04T13:37:46.069" /><!-- duration: 8ms -->
              <step title="Modified file to trigger a restart of the app container." date="2025-06-04T13:37:46.100" /><!-- duration: 1ms -->
              <step title="Skip function trigger and logicapp sync because function is not enabled." date="2025-06-04T13:37:46.105" /><!-- duration: 1ms -->
            </step><!-- duration: 1987ms -->
          </step><!-- duration: 2087ms -->
          <step title="Cleaning up temp files" date="2025-06-04T13:37:46.757" /><!-- duration: 4ms -->
          <step title="Cleaning up temp files" date="2025-06-04T13:37:46.771" /><!-- duration: 503ms -->
          <step title="Reloading status file with latest updates" date="2025-06-04T13:37:47.305" >
            <step title="WebHooksManager.PublishEventAsync: PostDeployment" date="2025-06-04T13:37:47.314" /><!-- duration: 22ms -->
          </step><!-- duration: 41ms -->
          <step title="Cleaning up temporary deployment - fetch deployment was successful" date="2025-06-04T13:37:47.350" /><!-- duration: 2ms -->
        </step><!-- duration: 2795ms -->
      </step><!-- duration: 4169ms -->
