<step title="BackgroundTrace" date="2025-06-04T15:59:50.641" instance="5c395b" url="/api/zipdeploy" method="POST" >
  <step title="Creating temporary deployment - FetchDeploymentManager" date="2025-06-04T15:59:50.729" /><!-- duration: 2ms -->
  <step title="Creating temporary deployment" date="2025-06-04T15:59:50.740" /><!-- duration: 70ms -->
  <step title="Performing fetch based deployment" date="2025-06-04T15:59:50.862" >
    <step title="Cleaning up temp folders from previous zip deployments and extracting pushed zip file /tmp/zipdeploy/15585d6c-d80e-45d3-9038-19d4f18255a9.zip (0.47 MB) to /tmp/zipdeploy/extracted" date="2025-06-04T15:59:51.992" >
      <step title="ChmodRecursive Process exited with total time taken in ms: 42" date="2025-06-04T15:59:52.147" /><!-- duration: 10ms -->
    </step><!-- duration: 175ms -->
    <step title="Deployment timer started" date="2025-06-04T15:59:54.187" >
      <step title="DeploymentManager.Deploy(id:d728498f-30ad-4160-9802-7da771610902)" date="2025-06-04T15:59:54.198" >
        <step title="Collecting changeset information" date="2025-06-04T15:59:54.230" /><!-- duration: 77ms -->
        <step title="Updating submodules" date="2025-06-04T15:59:54.312" /><!-- duration: 1079ms -->
        <step title="Determining deployment builder" date="2025-06-04T15:59:55.547" >
          <step title="Builder is BasicBuilder" date="2025-06-04T15:59:55.555" /><!-- duration: 8ms -->
        </step><!-- duration: 18ms -->
        <step title="PreDeployment: context.CleanOutputPath False" date="2025-06-04T15:59:55.616" >
          <step title="PreDeployment: context.OutputPath /home/site/wwwroot" date="2025-06-04T15:59:55.687" >
            <step title="Building" date="2025-06-04T15:59:55.766" >
              <step title="Executing external process" date="2025-06-04T15:59:55.997" type="process" path="starter.sh" arguments="/opt/Kudu/Scripts/parallel_rsync.sh /tmp/zipdeploy/extracted /home/site/wwwroot 8 /tmp/ False True  " /><!-- duration: 2943ms -->
              <step title="Triggering recycle (preview mode disabled)." date="2025-06-04T15:59:59.147" /><!-- duration: 6ms -->
              <step title="Modified file to trigger a restart of the app container." date="2025-06-04T15:59:59.174" /><!-- duration: 8ms -->
              <step title="Skip function trigger and logicapp sync because function is not enabled." date="2025-06-04T15:59:59.186" /><!-- duration: 26ms -->
              <step title="Purge deployment items" date="2025-06-04T15:59:59.909" >
                <step title="Remove 0f43c09e-, Success, received at 06/04/2025 13:38:45" date="2025-06-04T15:59:59.944" /><!-- duration: 5ms -->
              </step><!-- duration: 43ms -->
            </step><!-- duration: 4238ms -->
          </step><!-- duration: 4320ms -->
          <step title="Cleaning up temp files" date="2025-06-04T16:00:00.009" /><!-- duration: 2ms -->
          <step title="Cleaning up temp files" date="2025-06-04T16:00:00.013" /><!-- duration: 538ms -->
          <step title="Reloading status file with latest updates" date="2025-06-04T16:00:00.565" >
            <step title="WebHooksManager.PublishEventAsync: PostDeployment" date="2025-06-04T16:00:00.574" /><!-- duration: 24ms -->
          </step><!-- duration: 35ms -->
          <step title="Cleaning up temporary deployment - fetch deployment was successful" date="2025-06-04T16:00:00.604" /><!-- duration: 2ms -->
        </step><!-- duration: 5049ms -->
      </step><!-- duration: 6481ms -->
