<step title="Incoming Request" date="2025-06-04T15:11:21.722" instance="5c395b" url="/api/zipdeploy?isAsync=true" method="POST" type="request" pid="769,1,32" Accept="application/json" Host="appweb-waq4p4p6muise.scm.azurewebsites.net" User-Agent="azsdk-go-zip-deploy/1.0.0 (go1.24.0 X:loopvar; darwin),azdev/1.16.1 (Go go1.24.0 X:loopvar; darwin/arm64)" Accept-Encoding="gzip" Authorization="Bea..." Content-Type="application/octet-stream" Content-Length="495721" X-Ms-Correlation-Request-Id="a66d2beea27414c88fb96c997197b4c2" X-ARR-LOG-ID="a66d2bee-a274-14c8-8fb9-6c997197b4c2" CLIENT-IP="99.233.15.57:64506" X-SITE-DEPLOYMENT-ID="appweb-waq4p4p6muise" WAS-DEFAULT-HOSTNAME="appweb-waq4p4p6muise.scm.azurewebsites.net" X-Forwarded-Proto="https" X-AppService-Proto="https" X-Forwarded-TlsVersion="1.3" X-WAWS-Unencoded-URL="/api/zipdeploy?isAsync=true" X-Client-IP="99.233.15.57" X-Client-Port="64506" >
  <step title="Cleanup Xml Logs" date="2025-06-04T15:11:21.725" /><!-- duration: 9ms -->
  <step title="ZipPushDeploy" date="2025-06-04T15:11:22.628" >
    <step title="ZipDeploy. Extract zip." date="2025-06-04T15:11:22.645" /><!-- duration: 2ms -->
    <step title="None repository commit" date="2025-06-04T15:11:22.657" >
      <step title="Commit id: 51b9a1e7-bde4-4130-aa7b-0e37d06b8a4c" date="2025-06-04T15:11:22.660" Message="N/A" AuthorName="N/A" AuthorEmail="N/A" /><!-- duration: 2ms -->
    </step><!-- duration: 7ms -->
    <step title="Starting PushDeployAsync" date="2025-06-04T15:11:22.668" /><!-- duration: 3ms -->
    <step title="Writing artifact to /tmp/zipdeploy/1eca455c-b5fe-4b66-bbf2-406345b5024a.zip" date="2025-06-04T15:11:22.693" >
      <step title="Writing multipart request body to /tmp/zipdeploy/1eca455c-b5fe-4b66-bbf2-406345b5024a.zip" date="2025-06-04T15:11:22.697" /><!-- duration: 3ms -->
    </step><!-- duration: 105ms -->
    <step title="Start deployment in the background" date="2025-06-04T15:11:22.814" >
      <step title="Acquiring Deployment Lock" date="2025-06-04T15:11:22.840" /><!-- duration: 10ms -->
      <step title="Acquired Deployment Lock" date="2025-06-04T15:11:22.939" /><!-- duration: 2ms -->
    </step><!-- duration: 258ms -->
  </step><!-- duration: 454ms -->
  <step title="Outgoing response" date="2025-06-04T15:11:23.103" type="response" statusCode="202" statusText="Accepted" /><!-- duration: 9ms -->
</step><!-- duration: 1392ms -->
