<step title="BackgroundTrace" date="2025-06-04T15:11:22.828" instance="5c395b" url="/api/zipdeploy" method="POST" >
  <step title="Creating temporary deployment - FetchDeploymentManager" date="2025-06-04T15:11:22.950" /><!-- duration: 2ms -->
  <step title="Creating temporary deployment" date="2025-06-04T15:11:22.960" /><!-- duration: 109ms -->
  <step title="Performing fetch based deployment" date="2025-06-04T15:11:23.143" >
    <step title="Cleaning up temp folders from previous zip deployments and extracting pushed zip file /tmp/zipdeploy/1eca455c-b5fe-4b66-bbf2-406345b5024a.zip (0.47 MB) to /tmp/zipdeploy/extracted" date="2025-06-04T15:11:24.324" >
      <step title="ChmodRecursive Process exited with total time taken in ms: 131" date="2025-06-04T15:11:24.676" /><!-- duration: 9ms -->
    </step><!-- duration: 364ms -->
    <step title="Deployment timer started" date="2025-06-04T15:11:26.733" >
      <step title="DeploymentManager.Deploy(id:51b9a1e7-bde4-4130-aa7b-0e37d06b8a4c)" date="2025-06-04T15:11:26.763" >
        <step title="Collecting changeset information" date="2025-06-04T15:11:26.823" /><!-- duration: 131ms -->
        <step title="Updating submodules" date="2025-06-04T15:11:26.965" /><!-- duration: 1072ms -->
        <step title="Determining deployment builder" date="2025-06-04T15:11:28.181" >
          <step title="Builder is BasicBuilder" date="2025-06-04T15:11:28.202" /><!-- duration: 2ms -->
        </step><!-- duration: 25ms -->
        <step title="PreDeployment: context.CleanOutputPath False" date="2025-06-04T15:11:28.244" >
          <step title="PreDeployment: context.OutputPath /home/site/wwwroot" date="2025-06-04T15:11:28.321" >
            <step title="Building" date="2025-06-04T15:11:28.416" >
              <step title="Executing external process" date="2025-06-04T15:11:28.607" type="process" path="starter.sh" arguments="/opt/Kudu/Scripts/parallel_rsync.sh /tmp/zipdeploy/extracted /home/site/wwwroot 8 /tmp/ False True  " /><!-- duration: 4338ms -->
              <step title="Triggering recycle (preview mode disabled)." date="2025-06-04T15:11:33.202" /><!-- duration: 2ms -->
              <step title="Modified file to trigger a restart of the app container." date="2025-06-04T15:11:33.233" /><!-- duration: 2ms -->
              <step title="Skip function trigger and logicapp sync because function is not enabled." date="2025-06-04T15:11:33.241" /><!-- duration: 2ms -->
              <step title="Purge deployment items" date="2025-06-04T15:11:33.931" >
                <step title="Remove bde471ea-, Success, received at 06/04/2025 13:19:50" date="2025-06-04T15:11:33.966" /><!-- duration: 5ms -->
              </step><!-- duration: 44ms -->
            </step><!-- duration: 5603ms -->
          </step><!-- duration: 5701ms -->
          <step title="Cleaning up temp files" date="2025-06-04T15:11:34.023" /><!-- duration: 7ms -->
          <step title="Cleaning up temp files" date="2025-06-04T15:11:34.032" /><!-- duration: 559ms -->
          <step title="Reloading status file with latest updates" date="2025-06-04T15:11:34.621" >
            <step title="WebHooksManager.PublishEventAsync: PostDeployment" date="2025-06-04T15:11:34.631" /><!-- duration: 164ms -->
          </step><!-- duration: 181ms -->
          <step title="Cleaning up temporary deployment - fetch deployment was successful" date="2025-06-04T15:11:34.825" /><!-- duration: 8ms -->
        </step><!-- duration: 6691ms -->
      </step><!-- duration: 8200ms -->
