<step title="BackgroundTrace" date="2025-06-04T19:34:48.805" instance="5c395b" url="/api/zipdeploy" method="POST" >
  <step title="Creating temporary deployment - FetchDeploymentManager" date="2025-06-04T19:34:48.876" /><!-- duration: 2ms -->
  <step title="Creating temporary deployment" date="2025-06-04T19:34:48.881" /><!-- duration: 53ms -->
  <step title="Performing fetch based deployment" date="2025-06-04T19:34:48.977" >
    <step title="Cleaning up temp folders from previous zip deployments and extracting pushed zip file /tmp/zipdeploy/fdfd3715-ff08-4112-8915-f4aea02c62db.zip (0.47 MB) to /tmp/zipdeploy/extracted" date="2025-06-04T19:34:50.252" >
      <step title="ChmodRecursive Process exited with total time taken in ms: 51" date="2025-06-04T19:34:50.418" /><!-- duration: 9ms -->
    </step><!-- duration: 185ms -->
    <step title="Deployment timer started" date="2025-06-04T19:34:52.467" >
      <step title="DeploymentManager.Deploy(id:04bfdc16-ee36-4cbd-aa78-b25a1c1e43ff)" date="2025-06-04T19:34:52.474" >
        <step title="Collecting changeset information" date="2025-06-04T19:34:52.504" /><!-- duration: 85ms -->
        <step title="Updating submodules" date="2025-06-04T19:34:52.595" /><!-- duration: 1078ms -->
        <step title="Determining deployment builder" date="2025-06-04T19:34:53.808" >
          <step title="Builder is BasicBuilder" date="2025-06-04T19:34:53.816" /><!-- duration: 9ms -->
        </step><!-- duration: 20ms -->
        <step title="PreDeployment: context.CleanOutputPath False" date="2025-06-04T19:34:53.897" >
          <step title="PreDeployment: context.OutputPath /home/site/wwwroot" date="2025-06-04T19:34:53.966" >
            <step title="Building" date="2025-06-04T19:34:54.048" >
              <step title="Executing external process" date="2025-06-04T19:34:54.262" type="process" path="starter.sh" arguments="/opt/Kudu/Scripts/parallel_rsync.sh /tmp/zipdeploy/extracted /home/site/wwwroot 8 /tmp/ False True  " /><!-- duration: 4187ms -->
              <step title="Triggering recycle (preview mode disabled)." date="2025-06-04T19:34:58.660" /><!-- duration: 2ms -->
              <step title="Modified file to trigger a restart of the app container." date="2025-06-04T19:34:58.683" /><!-- duration: 9ms -->
              <step title="Skip function trigger and logicapp sync because function is not enabled." date="2025-06-04T19:34:58.694" /><!-- duration: 7ms -->
              <step title="Purge deployment items" date="2025-06-04T19:34:59.374" >
                <step title="Remove bab69831-, Success, received at 06/04/2025 14:28:49" date="2025-06-04T19:34:59.410" /><!-- duration: 2ms -->
              </step><!-- duration: 40ms -->
            </step><!-- duration: 5418ms -->
          </step><!-- duration: 5504ms -->
          <step title="Cleaning up temp files" date="2025-06-04T19:34:59.473" /><!-- duration: 21ms -->
          <step title="Cleaning up temp files" date="2025-06-04T19:34:59.498" /><!-- duration: 526ms -->
          <step title="Reloading status file with latest updates" date="2025-06-04T19:35:00.070" >
            <step title="WebHooksManager.PublishEventAsync: PostDeployment" date="2025-06-04T19:35:00.075" /><!-- duration: 24ms -->
          </step><!-- duration: 31ms -->
          <step title="Cleaning up temporary deployment - fetch deployment was successful" date="2025-06-04T19:35:00.105" /><!-- duration: 2ms -->
        </step><!-- duration: 6280ms -->
      </step><!-- duration: 7714ms -->
