<step title="Incoming Request" date="2025-06-04T01:51:54.191" instance="5c395b" url="/api/zipdeploy?isAsync=true" method="POST" type="request" pid="768,1,15" Accept="application/json" Host="appweb-waq4p4p6muise.scm.azurewebsites.net" User-Agent="azsdk-go-zip-deploy/1.0.0 (go1.24.0 X:loopvar; darwin),azdev/1.16.1 (Go go1.24.0 X:loopvar; darwin/arm64)" Accept-Encoding="gzip" Authorization="Bea..." Content-Type="application/octet-stream" Content-Length="585459" X-Ms-Correlation-Request-Id="9acec623b8526301da99fe701dbe945d" X-ARR-LOG-ID="9acec623-b852-6301-da99-fe701dbe945d" CLIENT-IP="99.233.15.57:50461" X-SITE-DEPLOYMENT-ID="appweb-waq4p4p6muise" WAS-DEFAULT-HOSTNAME="appweb-waq4p4p6muise.scm.azurewebsites.net" X-Forwarded-Proto="https" X-AppService-Proto="https" X-Forwarded-TlsVersion="1.3" X-WAWS-Unencoded-URL="/api/zipdeploy?isAsync=true" X-Client-IP="99.233.15.57" X-Client-Port="50461" >
  <step title="Cleanup Xml Logs" date="2025-06-04T01:51:54.193" /><!-- duration: 4ms -->
  <step title="ZipPushDeploy" date="2025-06-04T01:51:54.222" >
    <step title="ZipDeploy. Extract zip." date="2025-06-04T01:51:54.228" /><!-- duration: 2ms -->
    <step title="Starting PushDeployAsync" date="2025-06-04T01:51:54.232" /><!-- duration: 1ms -->
    <step title="Writing artifact to /tmp/zipdeploy/71734cff-b788-4e98-a781-9975273eb22f.zip" date="2025-06-04T01:51:54.244" >
      <step title="Writing multipart request body to /tmp/zipdeploy/71734cff-b788-4e98-a781-9975273eb22f.zip" date="2025-06-04T01:51:54.245" /><!-- duration: 2ms -->
    </step><!-- duration: 150ms -->
    <step title="Start deployment in the background" date="2025-06-04T01:51:54.434" >
      <step title="Acquiring Deployment Lock" date="2025-06-04T01:51:54.475" /><!-- duration: 9ms -->
      <step title="Acquired Deployment Lock" date="2025-06-04T01:51:54.558" /><!-- duration: 2ms -->
    </step><!-- duration: 182ms -->
  </step><!-- duration: 397ms -->
  <step title="Outgoing response" date="2025-06-04T01:51:54.621" type="response" statusCode="202" statusText="Accepted" /><!-- duration: 2ms -->
</step><!-- duration: 434ms -->
