<step title="Incoming Request" date="2025-06-04T19:10:43.357" instance="5c395b" url="/api/zipdeploy?isAsync=true" method="POST" type="request" pid="769,1,54" Accept="application/json" Host="appweb-waq4p4p6muise.scm.azurewebsites.net" User-Agent="azsdk-go-zip-deploy/1.0.0 (go1.24.0 X:loopvar; darwin),azdev/1.16.1 (Go go1.24.0 X:loopvar; darwin/arm64)" Accept-Encoding="gzip" Authorization="Bea..." Content-Type="application/octet-stream" Content-Length="496835" X-Ms-Correlation-Request-Id="ac990b7e8b08d04819a0364b872fd743" X-ARR-LOG-ID="ac990b7e-8b08-d048-19a0-364b872fd743" CLIENT-IP="99.233.15.57:60198" X-SITE-DEPLOYMENT-ID="appweb-waq4p4p6muise" WAS-DEFAULT-HOSTNAME="appweb-waq4p4p6muise.scm.azurewebsites.net" X-Forwarded-Proto="https" X-AppService-Proto="https" X-Forwarded-TlsVersion="1.3" X-WAWS-Unencoded-URL="/api/zipdeploy?isAsync=true" X-Client-IP="99.233.15.57" X-Client-Port="60198" >
  <step title="Cleanup Xml Logs" date="2025-06-04T19:10:43.362" /><!-- duration: 9ms -->
  <step title="ZipPushDeploy" date="2025-06-04T19:10:43.415" >
    <step title="ZipDeploy. Extract zip." date="2025-06-04T19:10:43.427" /><!-- duration: 5ms -->
    <step title="Starting PushDeployAsync" date="2025-06-04T19:10:43.437" /><!-- duration: 2ms -->
    <step title="Writing artifact to /tmp/zipdeploy/14d5edc1-89cb-44a3-bddf-c080723bd2f9.zip" date="2025-06-04T19:10:43.455" >
      <step title="Writing multipart request body to /tmp/zipdeploy/14d5edc1-89cb-44a3-bddf-c080723bd2f9.zip" date="2025-06-04T19:10:43.458" /><!-- duration: 5ms -->
    </step><!-- duration: 37ms -->
    <step title="Start deployment in the background" date="2025-06-04T19:10:43.514" >
      <step title="Acquiring Deployment Lock" date="2025-06-04T19:10:43.533" /><!-- duration: 2ms -->
      <step title="Acquired Deployment Lock" date="2025-06-04T19:10:43.554" /><!-- duration: 4ms -->
    </step><!-- duration: 124ms -->
  </step><!-- duration: 228ms -->
  <step title="Outgoing response" date="2025-06-04T19:10:43.649" type="response" statusCode="202" statusText="Accepted" /><!-- duration: 2ms -->
</step><!-- duration: 297ms -->
