<step title="BackgroundTrace" date="2025-06-04T13:49:06.325" instance="5c395b" url="/api/zipdeploy" method="POST" >
  <step title="Creating temporary deployment - FetchDeploymentManager" date="2025-06-04T13:49:06.367" /><!-- duration: 1ms -->
  <step title="Creating temporary deployment" date="2025-06-04T13:49:06.371" /><!-- duration: 50ms -->
  <step title="Performing fetch based deployment" date="2025-06-04T13:49:06.460" >
    <step title="Cleaning up temp folders from previous zip deployments and extracting pushed zip file /tmp/zipdeploy/17c38332-cdf4-4ae6-a376-09aa08273014.zip (0.47 MB) to /tmp/zipdeploy/extracted" date="2025-06-04T13:49:07.556" >
      <step title="ChmodRecursive Process exited with total time taken in ms: 49" date="2025-06-04T13:49:07.702" /><!-- duration: 30ms -->
    </step><!-- duration: 194ms -->
    <step title="Deployment timer started" date="2025-06-04T13:49:09.765" >
      <step title="DeploymentManager.Deploy(id:a27aa928-1946-4e7e-92d5-af114b455d54)" date="2025-06-04T13:49:09.776" >
        <step title="Collecting changeset information" date="2025-06-04T13:49:09.827" /><!-- duration: 87ms -->
        <step title="Updating submodules" date="2025-06-04T13:49:09.917" /><!-- duration: 1081ms -->
        <step title="Determining deployment builder" date="2025-06-04T13:49:11.151" >
          <step title="Builder is BasicBuilder" date="2025-06-04T13:49:11.165" /><!-- duration: 2ms -->
        </step><!-- duration: 19ms -->
        <step title="PreDeployment: context.CleanOutputPath False" date="2025-06-04T13:49:11.201" >
          <step title="PreDeployment: context.OutputPath /home/site/wwwroot" date="2025-06-04T13:49:11.266" >
            <step title="Building" date="2025-06-04T13:49:11.352" >
              <step title="Generating deployment script" date="2025-06-04T13:49:11.432" >
                <step title="Using cached version of the deployment script for command: -y --no-dot-deployment -r &quot;/tmp/zipdeploy/extracted&quot; -o &quot;/home/site/deployments/tools&quot; --basic --sitePath &quot;/tmp/zipdeploy/extracted&quot;" date="2025-06-04T13:49:11.466" /><!-- duration: 2ms -->
              </step><!-- duration: 83ms -->
              <step title="Executing external process" date="2025-06-04T13:49:11.618" type="process" path="starter.sh" arguments="&quot;/home/site/deployments/tools/deploy.sh&quot;" /><!-- duration: 852ms -->
              <step title="Triggering recycle (preview mode disabled)." date="2025-06-04T13:49:12.636" /><!-- duration: 2ms -->
              <step title="Modified file to trigger a restart of the app container." date="2025-06-04T13:49:12.683" /><!-- duration: 2ms -->
              <step title="Skip function trigger and logicapp sync because function is not enabled." date="2025-06-04T13:49:12.688" /><!-- duration: 7ms -->
            </step><!-- duration: 2042ms -->
          </step><!-- duration: 2131ms -->
          <step title="Cleaning up temp files" date="2025-06-04T13:49:13.398" /><!-- duration: 11ms -->
          <step title="Cleaning up temp files" date="2025-06-04T13:49:13.411" /><!-- duration: 512ms -->
          <step title="Reloading status file with latest updates" date="2025-06-04T13:49:13.945" >
            <step title="WebHooksManager.PublishEventAsync: PostDeployment" date="2025-06-04T13:49:13.951" /><!-- duration: 36ms -->
          </step><!-- duration: 44ms -->
          <step title="Cleaning up temporary deployment - fetch deployment was successful" date="2025-06-04T13:49:13.993" /><!-- duration: 2ms -->
        </step><!-- duration: 2847ms -->
      </step><!-- duration: 4280ms -->
