<step title="Incoming Request" date="2025-06-04T14:49:35.939" instance="5c395b" url="/api/zipdeploy?isAsync=true" method="POST" type="request" pid="767,1,3" Accept="application/json" Host="appweb-waq4p4p6muise.scm.azurewebsites.net" User-Agent="azsdk-go-zip-deploy/1.0.0 (go1.24.0 X:loopvar; darwin),azdev/1.16.1 (Go go1.24.0 X:loopvar; darwin/arm64)" Accept-Encoding="gzip" Authorization="Bea..." Content-Type="application/octet-stream" Content-Length="496275" X-Ms-Correlation-Request-Id="f246f66302df06577f7c8bd50dc503db" X-ARR-LOG-ID="f246f663-02df-0657-7f7c-8bd50dc503db" CLIENT-IP="99.233.15.57:61145" X-SITE-DEPLOYMENT-ID="appweb-waq4p4p6muise" WAS-DEFAULT-HOSTNAME="appweb-waq4p4p6muise.scm.azurewebsites.net" X-Forwarded-Proto="https" X-AppService-Proto="https" X-Forwarded-TlsVersion="1.3" X-WAWS-Unencoded-URL="/api/zipdeploy?isAsync=true" X-Client-IP="99.233.15.57" X-Client-Port="61145" >
  <step title="Cleanup Xml Logs" date="2025-06-04T14:49:35.941" /><!-- duration: 6ms -->
  <step title="ZipPushDeploy" date="2025-06-04T14:49:35.957" >
    <step title="ZipDeploy. Extract zip." date="2025-06-04T14:49:35.979" /><!-- duration: 2ms -->
    <step title="Starting PushDeployAsync" date="2025-06-04T14:49:35.988" /><!-- duration: 2ms -->
    <step title="Writing artifact to /tmp/zipdeploy/6a07e9b1-b7c4-4b18-93c3-a83b41d1fe9c.zip" date="2025-06-04T14:49:36.000" >
      <step title="Writing multipart request body to /tmp/zipdeploy/6a07e9b1-b7c4-4b18-93c3-a83b41d1fe9c.zip" date="2025-06-04T14:49:36.008" /><!-- duration: 11ms -->
    </step><!-- duration: 587ms -->
    <step title="Start deployment in the background" date="2025-06-04T14:49:36.612" >
      <step title="Acquiring Deployment Lock" date="2025-06-04T14:49:36.630" /><!-- duration: 5ms -->
      <step title="Acquired Deployment Lock" date="2025-06-04T14:49:36.669" /><!-- duration: 8ms -->
    </step><!-- duration: 140ms -->
  </step><!-- duration: 799ms -->
  <step title="Outgoing response" date="2025-06-04T14:49:36.758" type="response" statusCode="202" statusText="Accepted" /><!-- duration: 2ms -->
</step><!-- duration: 831ms -->
