<step title="BackgroundTrace" date="2025-06-04T19:24:18.585" instance="5c395b" url="/api/zipdeploy" method="POST" >
  <step title="Creating temporary deployment - FetchDeploymentManager" date="2025-06-04T19:24:18.988" /><!-- duration: 2ms -->
  <step title="Creating temporary deployment" date="2025-06-04T19:24:18.999" /><!-- duration: 141ms -->
  <step title="Performing fetch based deployment" date="2025-06-04T19:24:19.391" >
    <step title="Cleaning up temp folders from previous zip deployments and extracting pushed zip file /tmp/zipdeploy/2f25fd43-628a-4547-9c25-9fc2be91e975.zip (0.47 MB) to /tmp/zipdeploy/extracted" date="2025-06-04T19:24:21.268" >
      <step title="ChmodRecursive Process exited with total time taken in ms: 271" date="2025-06-04T19:24:21.814" /><!-- duration: 80ms -->
    </step><!-- duration: 684ms -->
    <step title="Deployment timer started" date="2025-06-04T19:24:24.036" >
      <step title="DeploymentManager.Deploy(id:79c73b89-3024-4d51-a09d-1704a4095a9c)" date="2025-06-04T19:24:24.063" >
        <step title="Collecting changeset information" date="2025-06-04T19:24:24.124" /><!-- duration: 161ms -->
        <step title="Updating submodules" date="2025-06-04T19:24:24.296" /><!-- duration: 1208ms -->
        <step title="Determining deployment builder" date="2025-06-04T19:24:25.742" >
          <step title="Builder is BasicBuilder" date="2025-06-04T19:24:25.796" /><!-- duration: 28ms -->
        </step><!-- duration: 92ms -->
        <step title="PreDeployment: context.CleanOutputPath False" date="2025-06-04T19:24:25.916" >
          <step title="PreDeployment: context.OutputPath /home/site/wwwroot" date="2025-06-04T19:24:26.047" >
            <step title="Building" date="2025-06-04T19:24:26.257" >
              <step title="Executing external process" date="2025-06-04T19:24:26.648" type="process" path="starter.sh" arguments="/opt/Kudu/Scripts/parallel_rsync.sh /tmp/zipdeploy/extracted /home/site/wwwroot 8 /tmp/ False True  " /><!-- duration: 6239ms -->
              <step title="Triggering recycle (preview mode disabled)." date="2025-06-04T19:24:33.043" /><!-- duration: 6ms -->
              <step title="Modified file to trigger a restart of the app container." date="2025-06-04T19:24:33.069" /><!-- duration: 2ms -->
              <step title="Skip function trigger and logicapp sync because function is not enabled." date="2025-06-04T19:24:33.079" /><!-- duration: 9ms -->
              <step title="Purge deployment items" date="2025-06-04T19:24:33.838" >
                <step title="Remove f0afd49e-, Success, received at 06/04/2025 14:01:02" date="2025-06-04T19:24:33.878" /><!-- duration: 2ms -->
              </step><!-- duration: 45ms -->
            </step><!-- duration: 7674ms -->
          </step><!-- duration: 7889ms -->
          <step title="Cleaning up temp files" date="2025-06-04T19:24:33.939" /><!-- duration: 5ms -->
          <step title="Cleaning up temp files" date="2025-06-04T19:24:33.951" /><!-- duration: 510ms -->
          <step title="Reloading status file with latest updates" date="2025-06-04T19:24:34.480" >
            <step title="WebHooksManager.PublishEventAsync: PostDeployment" date="2025-06-04T19:24:34.483" /><!-- duration: 33ms -->
          </step><!-- duration: 38ms -->
          <step title="Cleaning up temporary deployment - fetch deployment was successful" date="2025-06-04T19:24:34.522" /><!-- duration: 2ms -->
        </step><!-- duration: 8664ms -->
      </step><!-- duration: 10529ms -->
