<step title="BackgroundTrace" date="2025-06-04T19:10:43.522" instance="5c395b" url="/api/zipdeploy" method="POST" >
  <step title="Creating temporary deployment - FetchDeploymentManager" date="2025-06-04T19:10:43.560" /><!-- duration: 2ms -->
  <step title="Creating temporary deployment" date="2025-06-04T19:10:43.585" /><!-- duration: 52ms -->
  <step title="Performing fetch based deployment" date="2025-06-04T19:10:43.702" >
    <step title="Cleaning up temp folders from previous zip deployments and extracting pushed zip file /tmp/zipdeploy/14d5edc1-89cb-44a3-bddf-c080723bd2f9.zip (0.47 MB) to /tmp/zipdeploy/extracted" date="2025-06-04T19:10:44.983" >
      <step title="ChmodRecursive Process exited with total time taken in ms: 62" date="2025-06-04T19:10:45.136" /><!-- duration: 9ms -->
    </step><!-- duration: 171ms -->
    <step title="Deployment timer started" date="2025-06-04T19:10:47.185" >
      <step title="DeploymentManager.Deploy(id:639b71e4-a647-4def-a547-4d7e0e203e3f)" date="2025-06-04T19:10:47.190" >
        <step title="Collecting changeset information" date="2025-06-04T19:10:47.226" /><!-- duration: 60ms -->
        <step title="Updating submodules" date="2025-06-04T19:10:47.290" /><!-- duration: 1087ms -->
        <step title="Determining deployment builder" date="2025-06-04T19:10:48.543" >
          <step title="Builder is BasicBuilder" date="2025-06-04T19:10:48.577" /><!-- duration: 2ms -->
        </step><!-- duration: 44ms -->
        <step title="PreDeployment: context.CleanOutputPath False" date="2025-06-04T19:10:48.622" >
          <step title="PreDeployment: context.OutputPath /home/site/wwwroot" date="2025-06-04T19:10:48.692" >
            <step title="Building" date="2025-06-04T19:10:48.776" >
              <step title="Executing external process" date="2025-06-04T19:10:48.977" type="process" path="starter.sh" arguments="/opt/Kudu/Scripts/parallel_rsync.sh /tmp/zipdeploy/extracted /home/site/wwwroot 8 /tmp/ False True  " /><!-- duration: 3980ms -->
              <step title="Triggering recycle (preview mode disabled)." date="2025-06-04T19:10:53.188" /><!-- duration: 2ms -->
              <step title="Modified file to trigger a restart of the app container." date="2025-06-04T19:10:53.209" /><!-- duration: 2ms -->
              <step title="Skip function trigger and logicapp sync because function is not enabled." date="2025-06-04T19:10:53.217" /><!-- duration: 2ms -->
              <step title="Purge deployment items" date="2025-06-04T19:10:54.047" >
                <step title="Remove a27aa928-, Success, received at 06/04/2025 13:49:09" date="2025-06-04T19:10:54.145" /><!-- duration: 3ms -->
              </step><!-- duration: 129ms -->
            </step><!-- duration: 5472ms -->
          </step><!-- duration: 5574ms -->
          <step title="Cleaning up temp files" date="2025-06-04T19:10:54.268" /><!-- duration: 18ms -->
          <step title="Cleaning up temp files" date="2025-06-04T19:10:54.289" /><!-- duration: 861ms -->
          <step title="Reloading status file with latest updates" date="2025-06-04T19:10:55.199" >
            <step title="WebHooksManager.PublishEventAsync: PostDeployment" date="2025-06-04T19:10:55.210" /><!-- duration: 24ms -->
          </step><!-- duration: 42ms -->
          <step title="Cleaning up temporary deployment - fetch deployment was successful" date="2025-06-04T19:10:55.244" /><!-- duration: 7ms -->
        </step><!-- duration: 6670ms -->
      </step><!-- duration: 8132ms -->
