<step title="Incoming Request" date="2025-06-04T15:21:55.862" instance="5c395b" url="/api/zipdeploy?isAsync=true" method="POST" type="request" pid="769,1,21" Accept="application/json" Host="appweb-waq4p4p6muise.scm.azurewebsites.net" User-Agent="azsdk-go-zip-deploy/1.0.0 (go1.24.0 X:loopvar; darwin),azdev/1.16.1 (Go go1.24.0 X:loopvar; darwin/arm64)" Accept-Encoding="gzip" Authorization="Bea..." Content-Type="application/octet-stream" Content-Length="495721" X-Ms-Correlation-Request-Id="a66d2beea27414c88fb96c997197b4c2" X-ARR-LOG-ID="a66d2bee-a274-14c8-8fb9-6c997197b4c2" CLIENT-IP="99.233.15.57:50812" X-SITE-DEPLOYMENT-ID="appweb-waq4p4p6muise" WAS-DEFAULT-HOSTNAME="appweb-waq4p4p6muise.scm.azurewebsites.net" X-Forwarded-Proto="https" X-AppService-Proto="https" X-Forwarded-TlsVersion="1.3" X-WAWS-Unencoded-URL="/api/zipdeploy?isAsync=true" X-Client-IP="99.233.15.57" X-Client-Port="50812" >
  <step title="Cleanup Xml Logs" date="2025-06-04T15:21:55.865" /><!-- duration: 8ms -->
  <step title="ZipPushDeploy" date="2025-06-04T15:21:55.906" >
    <step title="ZipDeploy. Extract zip." date="2025-06-04T15:21:55.915" /><!-- duration: 3ms -->
    <step title="Starting PushDeployAsync" date="2025-06-04T15:21:55.922" /><!-- duration: 2ms -->
    <step title="Writing artifact to /tmp/zipdeploy/2303376e-fbdf-44d5-8d2e-b24bb8fb6435.zip" date="2025-06-04T15:21:55.941" >
      <step title="Writing multipart request body to /tmp/zipdeploy/2303376e-fbdf-44d5-8d2e-b24bb8fb6435.zip" date="2025-06-04T15:21:55.943" /><!-- duration: 9ms -->
    </step><!-- duration: 473ms -->
    <step title="Start deployment in the background" date="2025-06-04T15:21:56.427" >
      <step title="Acquiring Deployment Lock" date="2025-06-04T15:21:56.445" /><!-- duration: 7ms -->
      <step title="Acquired Deployment Lock" date="2025-06-04T15:21:56.474" /><!-- duration: 2ms -->
    </step><!-- duration: 113ms -->
  </step><!-- duration: 638ms -->
  <step title="Outgoing response" date="2025-06-04T15:21:56.547" type="response" statusCode="202" statusText="Accepted" /><!-- duration: 2ms -->
</step><!-- duration: 690ms -->
