<step title="Incoming Request" date="2025-06-04T19:48:36.764" instance="5c395b" url="/api/zipdeploy?isAsync=true" method="POST" type="request" pid="767,1,15" Accept="application/json" Host="appweb-waq4p4p6muise.scm.azurewebsites.net" User-Agent="azsdk-go-zip-deploy/1.0.0 (go1.24.0 X:loopvar; darwin),azdev/1.16.1 (Go go1.24.0 X:loopvar; darwin/arm64)" Accept-Encoding="gzip" Authorization="Bea..." Content-Type="application/octet-stream" Content-Length="497234" X-Ms-Correlation-Request-Id="3e7470c69be31115bede2d85749c3f51" X-ARR-LOG-ID="3e7470c6-9be3-1115-bede-2d85749c3f51" CLIENT-IP="99.233.15.57:61037" X-SITE-DEPLOYMENT-ID="appweb-waq4p4p6muise" WAS-DEFAULT-HOSTNAME="appweb-waq4p4p6muise.scm.azurewebsites.net" X-Forwarded-Proto="https" X-AppService-Proto="https" X-Forwarded-TlsVersion="1.3" X-WAWS-Unencoded-URL="/api/zipdeploy?isAsync=true" X-Client-IP="99.233.15.57" X-Client-Port="61037" >
  <step title="ZipPushDeploy" date="2025-06-04T19:48:38.253" >
    <step title="ZipDeploy. Extract zip. Remote build." date="2025-06-04T19:48:38.283" /><!-- duration: 10ms -->
    <step title="None repository commit" date="2025-06-04T19:48:38.322" >
      <step title="Commit id: 0618c7f3-9311-4c45-9139-965ca995aaef" date="2025-06-04T19:48:38.331" Message="N/A" AuthorName="N/A" AuthorEmail="N/A" /><!-- duration: 2ms -->
    </step><!-- duration: 18ms -->
    <step title="Starting PushDeployAsync" date="2025-06-04T19:48:38.343" /><!-- duration: 2ms -->
    <step title="Writing artifact to /tmp/zipdeploy/6db11f08-f2f3-49fd-a595-ba77a9bb5b23.zip" date="2025-06-04T19:48:38.381" >
      <step title="Writing multipart request body to /tmp/zipdeploy/6db11f08-f2f3-49fd-a595-ba77a9bb5b23.zip" date="2025-06-04T19:48:38.391" /><!-- duration: 12ms -->
    </step><!-- duration: 183ms -->
    <step title="Start deployment in the background" date="2025-06-04T19:48:38.594" >
      <step title="Acquiring Deployment Lock" date="2025-06-04T19:48:38.696" /><!-- duration: 8ms -->
      <step title="Acquired Deployment Lock" date="2025-06-04T19:48:38.766" /><!-- duration: 2ms -->
    </step><!-- duration: 231ms -->
  </step><!-- duration: 576ms -->
  <step title="Outgoing response" date="2025-06-04T19:48:38.856" type="response" statusCode="202" statusText="Accepted" /><!-- duration: 2ms -->
</step><!-- duration: 2096ms -->
