<step title="Incoming Request" date="2025-06-04T13:37:39.600" instance="5c395b" url="/api/zipdeploy?isAsync=true" method="POST" type="request" pid="767,1,24" Accept="application/json" Host="appweb-waq4p4p6muise.scm.azurewebsites.net" User-Agent="azsdk-go-zip-deploy/1.0.0 (go1.24.0 X:loopvar; darwin),azdev/1.16.1 (Go go1.24.0 X:loopvar; darwin/arm64)" Accept-Encoding="gzip" Authorization="Bea..." Content-Type="application/octet-stream" Content-Length="495255" X-Ms-Correlation-Request-Id="bd990a44f2bb7f1d8cabf09cb108f29c" X-ARR-LOG-ID="bd990a44-f2bb-7f1d-8cab-f09cb108f29c" CLIENT-IP="99.233.15.57:62857" X-SITE-DEPLOYMENT-ID="appweb-waq4p4p6muise" WAS-DEFAULT-HOSTNAME="appweb-waq4p4p6muise.scm.azurewebsites.net" X-Forwarded-Proto="https" X-AppService-Proto="https" X-Forwarded-TlsVersion="1.3" X-WAWS-Unencoded-URL="/api/zipdeploy?isAsync=true" X-Client-IP="99.233.15.57" X-Client-Port="62857" >
  <step title="Cleanup Xml Logs" date="2025-06-04T13:37:39.602" /><!-- duration: 4ms -->
  <step title="ZipPushDeploy" date="2025-06-04T13:37:39.638" >
    <step title="ZipDeploy. Extract zip." date="2025-06-04T13:37:39.645" /><!-- duration: 6ms -->
    <step title="Starting PushDeployAsync" date="2025-06-04T13:37:39.654" /><!-- duration: 1ms -->
    <step title="Writing artifact to /tmp/zipdeploy/5cac33d7-cf04-465a-a129-6492bfc903f2.zip" date="2025-06-04T13:37:39.665" >
      <step title="Writing multipart request body to /tmp/zipdeploy/5cac33d7-cf04-465a-a129-6492bfc903f2.zip" date="2025-06-04T13:37:39.673" /><!-- duration: 10ms -->
    </step><!-- duration: 79ms -->
    <step title="Start deployment in the background" date="2025-06-04T13:37:39.758" >
      <step title="Acquiring Deployment Lock" date="2025-06-04T13:37:39.777" /><!-- duration: 5ms -->
      <step title="Acquired Deployment Lock" date="2025-06-04T13:37:39.800" /><!-- duration: 3ms -->
    </step><!-- duration: 105ms -->
  </step><!-- duration: 227ms -->
  <step title="Outgoing response" date="2025-06-04T13:37:39.867" type="response" statusCode="202" statusText="Accepted" /><!-- duration: 1ms -->
</step><!-- duration: 270ms -->
