<step title="BackgroundTrace" date="2025-06-04T14:00:59.065" instance="5c395b" url="/api/zipdeploy" method="POST" >
  <step title="Creating temporary deployment - FetchDeploymentManager" date="2025-06-04T14:00:59.110" /><!-- duration: 1ms -->
  <step title="Creating temporary deployment" date="2025-06-04T14:00:59.116" /><!-- duration: 38ms -->
  <step title="Performing fetch based deployment" date="2025-06-04T14:00:59.203" >
    <step title="Cleaning up temp folders from previous zip deployments and extracting pushed zip file /tmp/zipdeploy/a40f9e1e-4ad4-4fe6-b9ee-b17535e5f147.zip (0.47 MB) to /tmp/zipdeploy/extracted" date="2025-06-04T14:01:00.412" >
      <step title="ChmodRecursive Process exited with total time taken in ms: 49" date="2025-06-04T14:01:00.542" /><!-- duration: 18ms -->
    </step><!-- duration: 159ms -->
    <step title="Deployment timer started" date="2025-06-04T14:01:02.582" >
      <step title="DeploymentManager.Deploy(id:f0afd49e-7d2d-4e17-b611-3940e4c3c938)" date="2025-06-04T14:01:02.594" >
        <step title="Collecting changeset information" date="2025-06-04T14:01:02.616" /><!-- duration: 77ms -->
        <step title="Updating submodules" date="2025-06-04T14:01:02.700" /><!-- duration: 1080ms -->
        <step title="Determining deployment builder" date="2025-06-04T14:01:03.920" >
          <step title="Builder is BasicBuilder" date="2025-06-04T14:01:03.943" /><!-- duration: 2ms -->
        </step><!-- duration: 26ms -->
        <step title="PreDeployment: context.CleanOutputPath False" date="2025-06-04T14:01:03.986" >
          <step title="PreDeployment: context.OutputPath /home/site/wwwroot" date="2025-06-04T14:01:04.076" >
            <step title="Building" date="2025-06-04T14:01:04.170" >
              <step title="Generating deployment script" date="2025-06-04T14:01:04.250" >
                <step title="Using cached version of the deployment script for command: -y --no-dot-deployment -r &quot;/tmp/zipdeploy/extracted&quot; -o &quot;/home/site/deployments/tools&quot; --basic --sitePath &quot;/tmp/zipdeploy/extracted&quot;" date="2025-06-04T14:01:04.296" /><!-- duration: 2ms -->
              </step><!-- duration: 70ms -->
              <step title="Executing external process" date="2025-06-04T14:01:04.432" type="process" path="starter.sh" arguments="&quot;/home/site/deployments/tools/deploy.sh&quot;" /><!-- duration: 851ms -->
              <step title="Triggering recycle (preview mode disabled)." date="2025-06-04T14:01:05.452" /><!-- duration: 2ms -->
              <step title="Modified file to trigger a restart of the app container." date="2025-06-04T14:01:05.481" /><!-- duration: 2ms -->
              <step title="Skip function trigger and logicapp sync because function is not enabled." date="2025-06-04T14:01:05.487" /><!-- duration: 7ms -->
              <step title="Purge deployment items" date="2025-06-04T14:01:06.210" >
                <step title="Remove 2689d552-, Success, received at 06/04/2025 00:19:43" date="2025-06-04T14:01:06.242" /><!-- duration: 2ms -->
              </step><!-- duration: 44ms -->
            </step><!-- duration: 2122ms -->
          </step><!-- duration: 2219ms -->
          <step title="Cleaning up temp files" date="2025-06-04T14:01:06.296" /><!-- duration: 19ms -->
          <step title="Cleaning up temp files" date="2025-06-04T14:01:06.317" /><!-- duration: 513ms -->
          <step title="Reloading status file with latest updates" date="2025-06-04T14:01:06.856" >
            <step title="WebHooksManager.PublishEventAsync: PostDeployment" date="2025-06-04T14:01:06.874" /><!-- duration: 39ms -->
          </step><!-- duration: 58ms -->
          <step title="Cleaning up temporary deployment - fetch deployment was successful" date="2025-06-04T14:01:06.917" /><!-- duration: 2ms -->
        </step><!-- duration: 2982ms -->
      </step><!-- duration: 4386ms -->
