<step title="Incoming Request" date="2025-06-04T13:49:06.180" instance="5c395b" url="/api/zipdeploy?isAsync=true" method="POST" type="request" pid="767,1,27" Accept="application/json" Host="appweb-waq4p4p6muise.scm.azurewebsites.net" User-Agent="azsdk-go-zip-deploy/1.0.0 (go1.24.0 X:loopvar; darwin),azdev/1.16.1 (Go go1.24.0 X:loopvar; darwin/arm64)" Accept-Encoding="gzip" Authorization="Bea..." Content-Type="application/octet-stream" Content-Length="495255" X-Ms-Correlation-Request-Id="bc75e7b8f28392c8fa2845f17676e27b" X-ARR-LOG-ID="bc75e7b8-f283-92c8-fa28-45f17676e27b" CLIENT-IP="99.233.15.57:49185" X-SITE-DEPLOYMENT-ID="appweb-waq4p4p6muise" WAS-DEFAULT-HOSTNAME="appweb-waq4p4p6muise.scm.azurewebsites.net" X-Forwarded-Proto="https" X-AppService-Proto="https" X-Forwarded-TlsVersion="1.3" X-WAWS-Unencoded-URL="/api/zipdeploy?isAsync=true" X-Client-IP="99.233.15.57" X-Client-Port="49185" >
  <step title="Cleanup Xml Logs" date="2025-06-04T13:49:06.182" /><!-- duration: 6ms -->
  <step title="ZipPushDeploy" date="2025-06-04T13:49:06.208" >
    <step title="ZipDeploy. Extract zip." date="2025-06-04T13:49:06.213" /><!-- duration: 1ms -->
    <step title="Starting PushDeployAsync" date="2025-06-04T13:49:06.219" /><!-- duration: 2ms -->
    <step title="Writing artifact to /tmp/zipdeploy/17c38332-cdf4-4ae6-a376-09aa08273014.zip" date="2025-06-04T13:49:06.229" >
      <step title="Writing multipart request body to /tmp/zipdeploy/17c38332-cdf4-4ae6-a376-09aa08273014.zip" date="2025-06-04T13:49:06.235" /><!-- duration: 11ms -->
    </step><!-- duration: 69ms -->
    <step title="Start deployment in the background" date="2025-06-04T13:49:06.323" >
      <step title="Acquiring Deployment Lock" date="2025-06-04T13:49:06.338" /><!-- duration: 7ms -->
      <step title="Acquired Deployment Lock" date="2025-06-04T13:49:06.363" /><!-- duration: 2ms -->
    </step><!-- duration: 99ms -->
  </step><!-- duration: 220ms -->
  <step title="Outgoing response" date="2025-06-04T13:49:06.431" type="response" statusCode="202" statusText="Accepted" /><!-- duration: 2ms -->
</step><!-- duration: 254ms -->
