<step title="Incoming Request" date="2025-06-04T15:59:50.469" instance="5c395b" url="/api/zipdeploy?isAsync=true" method="POST" type="request" pid="769,1,42" Accept="application/json" Host="appweb-waq4p4p6muise.scm.azurewebsites.net" User-Agent="azsdk-go-zip-deploy/1.0.0 (go1.24.0 X:loopvar; darwin),azdev/1.16.1 (Go go1.24.0 X:loopvar; darwin/arm64)" Accept-Encoding="gzip" Authorization="Bea..." Content-Type="application/octet-stream" Content-Length="496686" X-Ms-Correlation-Request-Id="9e60c13c1f7afdf9347d387965605973" X-ARR-LOG-ID="9e60c13c-1f7a-fdf9-347d-387965605973" CLIENT-IP="99.233.15.57:62168" X-SITE-DEPLOYMENT-ID="appweb-waq4p4p6muise" WAS-DEFAULT-HOSTNAME="appweb-waq4p4p6muise.scm.azurewebsites.net" X-Forwarded-Proto="https" X-AppService-Proto="https" X-Forwarded-TlsVersion="1.3" X-WAWS-Unencoded-URL="/api/zipdeploy?isAsync=true" X-Client-IP="99.233.15.57" X-Client-Port="62168" >
  <step title="Cleanup Xml Logs" date="2025-06-04T15:59:50.480" /><!-- duration: 9ms -->
  <step title="ZipPushDeploy" date="2025-06-04T15:59:50.529" >
    <step title="ZipDeploy. Extract zip." date="2025-06-04T15:59:50.538" /><!-- duration: 2ms -->
    <step title="Starting PushDeployAsync" date="2025-06-04T15:59:50.543" /><!-- duration: 2ms -->
    <step title="Writing artifact to /tmp/zipdeploy/15585d6c-d80e-45d3-9038-19d4f18255a9.zip" date="2025-06-04T15:59:50.552" >
      <step title="Writing multipart request body to /tmp/zipdeploy/15585d6c-d80e-45d3-9038-19d4f18255a9.zip" date="2025-06-04T15:59:50.554" /><!-- duration: 5ms -->
    </step><!-- duration: 58ms -->
    <step title="Start deployment in the background" date="2025-06-04T15:59:50.636" >
      <step title="Acquiring Deployment Lock" date="2025-06-04T15:59:50.652" /><!-- duration: 16ms -->
      <step title="Acquired Deployment Lock" date="2025-06-04T15:59:50.710" /><!-- duration: 9ms -->
    </step><!-- duration: 176ms -->
  </step><!-- duration: 289ms -->
  <step title="Outgoing response" date="2025-06-04T15:59:50.830" type="response" statusCode="202" statusText="Accepted" /><!-- duration: 2ms -->
</step><!-- duration: 365ms -->
