<step title="BackgroundTrace" date="2025-06-04T13:09:24.261" instance="5c395b" url="/api/zipdeploy" method="POST" >
  <step title="Creating temporary deployment - FetchDeploymentManager" date="2025-06-04T13:09:24.347" /><!-- duration: 2ms -->
  <step title="Creating temporary deployment" date="2025-06-04T13:09:24.354" /><!-- duration: 65ms -->
  <step title="Performing fetch based deployment" date="2025-06-04T13:09:24.479" >
    <step title="Cleaning up temp folders from previous zip deployments and extracting pushed zip file /tmp/zipdeploy/8313c015-894a-4ced-986e-486d31f702d5.zip (0.47 MB) to /tmp/zipdeploy/extracted" date="2025-06-04T13:09:25.796" >
      <step title="ChmodRecursive Process exited with total time taken in ms: 78" date="2025-06-04T13:09:26.025" /><!-- duration: 12ms -->
    </step><!-- duration: 251ms -->
    <step title="Deployment timer started" date="2025-06-04T13:09:28.066" >
      <step title="DeploymentManager.Deploy(id:fd916a75-22f5-4735-ab44-b9145890fdfe)" date="2025-06-04T13:09:28.084" >
        <step title="Collecting changeset information" date="2025-06-04T13:09:28.105" /><!-- duration: 82ms -->
        <step title="Updating submodules" date="2025-06-04T13:09:28.192" /><!-- duration: 1065ms -->
        <step title="Determining deployment builder" date="2025-06-04T13:09:29.414" >
          <step title="Builder is BasicBuilder" date="2025-06-04T13:09:29.442" /><!-- duration: 8ms -->
        </step><!-- duration: 39ms -->
        <step title="PreDeployment: context.CleanOutputPath False" date="2025-06-04T13:09:29.492" >
          <step title="PreDeployment: context.OutputPath /home/site/wwwroot" date="2025-06-04T13:09:29.575" >
            <step title="Building" date="2025-06-04T13:09:29.668" >
              <step title="Generating deployment script" date="2025-06-04T13:09:29.750" >
                <step title="Using cached version of the deployment script for command: -y --no-dot-deployment -r &quot;/tmp/zipdeploy/extracted&quot; -o &quot;/home/site/deployments/tools&quot; --basic --sitePath &quot;/tmp/zipdeploy/extracted&quot;" date="2025-06-04T13:09:29.790" /><!-- duration: 2ms -->
              </step><!-- duration: 68ms -->
              <step title="Executing external process" date="2025-06-04T13:09:29.950" type="process" path="starter.sh" arguments="&quot;/home/site/deployments/tools/deploy.sh&quot;" /><!-- duration: 2537ms -->
              <step title="Triggering recycle (preview mode disabled)." date="2025-06-04T13:09:32.750" /><!-- duration: 3ms -->
              <step title="Modified file to trigger a restart of the app container." date="2025-06-04T13:09:32.785" /><!-- duration: 2ms -->
              <step title="Skip function trigger and logicapp sync because function is not enabled." date="2025-06-04T13:09:32.803" /><!-- duration: 19ms -->
            </step><!-- duration: 3763ms -->
          </step><!-- duration: 3866ms -->
          <step title="Cleaning up temp files" date="2025-06-04T13:09:33.443" /><!-- duration: 16ms -->
          <step title="Cleaning up temp files" date="2025-06-04T13:09:33.480" /><!-- duration: 511ms -->
          <step title="Reloading status file with latest updates" date="2025-06-04T13:09:34.009" >
            <step title="WebHooksManager.PublishEventAsync: PostDeployment" date="2025-06-04T13:09:34.017" /><!-- duration: 161ms -->
          </step><!-- duration: 172ms -->
          <step title="Cleaning up temporary deployment - fetch deployment was successful" date="2025-06-04T13:09:34.190" /><!-- duration: 2ms -->
        </step><!-- duration: 4755ms -->
      </step><!-- duration: 6237ms -->
