<step title="Incoming Request" date="2025-06-04T19:21:10.449" instance="5c395b" url="/api/zipdeploy?isAsync=true" method="POST" type="request" pid="769,1,33" Accept="application/json" Host="appweb-waq4p4p6muise.scm.azurewebsites.net" User-Agent="azsdk-go-zip-deploy/1.0.0 (go1.24.0 X:loopvar; darwin),azdev/1.16.1 (Go go1.24.0 X:loopvar; darwin/arm64)" Accept-Encoding="gzip" Authorization="Bea..." Content-Type="application/octet-stream" Content-Length="496835" X-Ms-Correlation-Request-Id="ac990b7e8b08d04819a0364b872fd743" X-ARR-LOG-ID="ac990b7e-8b08-d048-19a0-364b872fd743" CLIENT-IP="99.233.15.57:65246" X-SITE-DEPLOYMENT-ID="appweb-waq4p4p6muise" WAS-DEFAULT-HOSTNAME="appweb-waq4p4p6muise.scm.azurewebsites.net" X-Forwarded-Proto="https" X-AppService-Proto="https" X-Forwarded-TlsVersion="1.3" X-WAWS-Unencoded-URL="/api/zipdeploy?isAsync=true" X-Client-IP="99.233.15.57" X-Client-Port="65246" >
  <step title="Cleanup Xml Logs" date="2025-06-04T19:21:10.452" /><!-- duration: 9ms -->
  <step title="ZipPushDeploy" date="2025-06-04T19:21:10.471" >
    <step title="ZipDeploy. Extract zip." date="2025-06-04T19:21:10.478" /><!-- duration: 3ms -->
    <step title="Starting PushDeployAsync" date="2025-06-04T19:21:10.485" /><!-- duration: 4ms -->
    <step title="Writing artifact to /tmp/zipdeploy/f4d6349c-b3c7-4408-b497-3836cfa64017.zip" date="2025-06-04T19:21:10.507" >
      <step title="Writing multipart request body to /tmp/zipdeploy/f4d6349c-b3c7-4408-b497-3836cfa64017.zip" date="2025-06-04T19:21:10.511" /><!-- duration: 3ms -->
    </step><!-- duration: 94ms -->
    <step title="Start deployment in the background" date="2025-06-04T19:21:10.629" >
      <step title="Acquiring Deployment Lock" date="2025-06-04T19:21:10.670" /><!-- duration: 2ms -->
      <step title="Acquired Deployment Lock" date="2025-06-04T19:21:10.691" /><!-- duration: 2ms -->
    </step><!-- duration: 128ms -->
  </step><!-- duration: 291ms -->
  <step title="Outgoing response" date="2025-06-04T19:21:10.766" type="response" statusCode="202" statusText="Accepted" /><!-- duration: 3ms -->
</step><!-- duration: 321ms -->
