<step title="BackgroundTrace" date="2025-06-04T01:51:54.436" instance="5c395b" url="/api/zipdeploy" method="POST" >
  <step title="Creating temporary deployment - FetchDeploymentManager" date="2025-06-04T01:51:54.562" /><!-- duration: 2ms -->
  <step title="Creating temporary deployment" date="2025-06-04T01:51:54.575" /><!-- duration: 39ms -->
  <step title="Performing fetch based deployment" date="2025-06-04T01:51:54.642" >
    <step title="Cleaning up temp folders from previous zip deployments and extracting pushed zip file /tmp/zipdeploy/71734cff-b788-4e98-a781-9975273eb22f.zip (0.56 MB) to /tmp/zipdeploy/extracted" date="2025-06-04T01:51:55.729" >
      <step title="ChmodRecursive Process exited with total time taken in ms: 157" date="2025-06-04T01:51:56.075" /><!-- duration: 2ms -->
    </step><!-- duration: 351ms -->
    <step title="Deployment timer started" date="2025-06-04T01:51:58.097" >
      <step title="DeploymentManager.Deploy(id:3d87026f-6389-4b6a-a27a-0da74b107046)" date="2025-06-04T01:51:58.107" >
        <step title="Collecting changeset information" date="2025-06-04T01:51:58.157" /><!-- duration: 92ms -->
        <step title="Updating submodules" date="2025-06-04T01:51:58.252" /><!-- duration: 1076ms -->
        <step title="Determining deployment builder" date="2025-06-04T01:51:59.454" >
          <step title="Builder is BasicBuilder" date="2025-06-04T01:51:59.469" /><!-- duration: 1ms -->
        </step><!-- duration: 25ms -->
        <step title="PreDeployment: context.CleanOutputPath False" date="2025-06-04T01:51:59.511" >
          <step title="PreDeployment: context.OutputPath /home/site/wwwroot" date="2025-06-04T01:51:59.576" >
            <step title="Building" date="2025-06-04T01:51:59.650" >
              <step title="Generating deployment script" date="2025-06-04T01:51:59.708" >
                <step title="Using cached version of the deployment script for command: -y --no-dot-deployment -r &quot;/tmp/zipdeploy/extracted&quot; -o &quot;/home/site/deployments/tools&quot; --basic --sitePath &quot;/tmp/zipdeploy/extracted&quot;" date="2025-06-04T01:51:59.748" /><!-- duration: 7ms -->
              </step><!-- duration: 67ms -->
              <step title="Executing external process" date="2025-06-04T01:51:59.890" type="process" path="starter.sh" arguments="&quot;/home/site/deployments/tools/deploy.sh&quot;" /><!-- duration: 771ms -->
              <step title="Triggering recycle (preview mode disabled)." date="2025-06-04T01:52:00.851" /><!-- duration: 13ms -->
              <step title="Modified file to trigger a restart of the app container." date="2025-06-04T01:52:00.892" /><!-- duration: 2ms -->
              <step title="Skip function trigger and logicapp sync because function is not enabled." date="2025-06-04T01:52:00.896" /><!-- duration: 1ms -->
            </step><!-- duration: 1810ms -->
          </step><!-- duration: 1885ms -->
          <step title="Cleaning up temp files" date="2025-06-04T01:52:01.463" /><!-- duration: 2ms -->
          <step title="Cleaning up temp files" date="2025-06-04T01:52:01.469" /><!-- duration: 529ms -->
          <step title="Reloading status file with latest updates" date="2025-06-04T01:52:02.039" >
            <step title="WebHooksManager.PublishEventAsync: PostDeployment" date="2025-06-04T01:52:02.057" /><!-- duration: 82ms -->
          </step><!-- duration: 101ms -->
          <step title="Cleaning up temporary deployment - fetch deployment was successful" date="2025-06-04T01:52:02.150" /><!-- duration: 8ms -->
        </step><!-- duration: 2739ms -->
      </step><!-- duration: 4204ms -->
