<step title="Incoming Request" date="2025-06-04T13:50:21.154" instance="5c395b" url="/api/zipdeploy?isAsync=true" method="POST" type="request" pid="767,1,26" Accept="application/json" Host="appweb-waq4p4p6muise.scm.azurewebsites.net" User-Agent="azsdk-go-zip-deploy/1.0.0 (go1.24.0 X:loopvar; darwin),azdev/1.16.1 (Go go1.24.0 X:loopvar; darwin/arm64)" Accept-Encoding="gzip" Authorization="Bea..." Content-Type="application/octet-stream" Content-Length="495255" X-Ms-Correlation-Request-Id="7518b7cb5efbc0533f23eb0fabc1654e" X-ARR-LOG-ID="7518b7cb-5efb-c053-3f23-eb0fabc1654e" CLIENT-IP="99.233.15.57:49225" X-SITE-DEPLOYMENT-ID="appweb-waq4p4p6muise" WAS-DEFAULT-HOSTNAME="appweb-waq4p4p6muise.scm.azurewebsites.net" X-Forwarded-Proto="https" X-AppService-Proto="https" X-Forwarded-TlsVersion="1.3" X-WAWS-Unencoded-URL="/api/zipdeploy?isAsync=true" X-Client-IP="99.233.15.57" X-Client-Port="49225" >
  <step title="Cleanup Xml Logs" date="2025-06-04T13:50:21.164" /><!-- duration: 8ms -->
  <step title="ZipPushDeploy" date="2025-06-04T13:50:21.206" >
    <step title="ZipDeploy. Extract zip." date="2025-06-04T13:50:21.216" /><!-- duration: 2ms -->
    <step title="Starting PushDeployAsync" date="2025-06-04T13:50:21.221" /><!-- duration: 2ms -->
    <step title="Writing artifact to /tmp/zipdeploy/03dec1d3-2b87-4dc0-9b0f-d9baa98d1c44.zip" date="2025-06-04T13:50:21.236" >
      <step title="Writing multipart request body to /tmp/zipdeploy/03dec1d3-2b87-4dc0-9b0f-d9baa98d1c44.zip" date="2025-06-04T13:50:21.238" /><!-- duration: 7ms -->
    </step><!-- duration: 38ms -->
    <step title="Start deployment in the background" date="2025-06-04T13:50:21.280" >
      <step title="Acquiring Deployment Lock" date="2025-06-04T13:50:21.297" /><!-- duration: 8ms -->
      <step title="Acquired Deployment Lock" date="2025-06-04T13:50:21.324" /><!-- duration: 2ms -->
    </step><!-- duration: 147ms -->
  </step><!-- duration: 223ms -->
  <step title="Outgoing response" date="2025-06-04T13:50:21.431" type="response" statusCode="202" statusText="Accepted" /><!-- duration: 2ms -->
</step><!-- duration: 282ms -->
