<step title="Incoming Request" date="2025-06-04T19:24:17.730" instance="5c395b" url="/api/zipdeploy?isAsync=true" method="POST" type="request" pid="769,1,35" Accept="application/json" Host="appweb-waq4p4p6muise.scm.azurewebsites.net" User-Agent="azsdk-go-zip-deploy/1.0.0 (go1.24.0 X:loopvar; darwin),azdev/1.16.1 (Go go1.24.0 X:loopvar; darwin/arm64)" Accept-Encoding="gzip" Authorization="Bea..." Content-Type="application/octet-stream" Content-Length="496835" X-Ms-Correlation-Request-Id="edc965016d83926598f0f8793067e175" X-ARR-LOG-ID="edc96501-6d83-9265-98f0-f8793067e175" CLIENT-IP="99.233.15.57:49699" X-SITE-DEPLOYMENT-ID="appweb-waq4p4p6muise" WAS-DEFAULT-HOSTNAME="appweb-waq4p4p6muise.scm.azurewebsites.net" X-Forwarded-Proto="https" X-AppService-Proto="https" X-Forwarded-TlsVersion="1.3" X-WAWS-Unencoded-URL="/api/zipdeploy?isAsync=true" X-Client-IP="99.233.15.57" X-Client-Port="49699" >
  <step title="Cleanup Xml Logs" date="2025-06-04T19:24:17.733" /><!-- duration: 179ms -->
  <step title="ZipPushDeploy" date="2025-06-04T19:24:17.941" >
    <step title="ZipDeploy. Extract zip." date="2025-06-04T19:24:17.974" /><!-- duration: 89ms -->
    <step title="Starting PushDeployAsync" date="2025-06-04T19:24:18.143" /><!-- duration: 79ms -->
    <step title="Writing artifact to /tmp/zipdeploy/2f25fd43-628a-4547-9c25-9fc2be91e975.zip" date="2025-06-04T19:24:18.295" >
      <step title="Writing multipart request body to /tmp/zipdeploy/2f25fd43-628a-4547-9c25-9fc2be91e975.zip" date="2025-06-04T19:24:18.384" /><!-- duration: 11ms -->
    </step><!-- duration: 151ms -->
    <step title="Start deployment in the background" date="2025-06-04T19:24:18.535" >
      <step title="Acquiring Deployment Lock" date="2025-06-04T19:24:18.657" /><!-- duration: 110ms -->
      <step title="Acquired Deployment Lock" date="2025-06-04T19:24:18.948" /><!-- duration: 10ms -->
    </step><!-- duration: 625ms -->
  </step><!-- duration: 1238ms -->
  <step title="Outgoing response" date="2025-06-04T19:24:19.209" type="response" statusCode="202" statusText="Accepted" /><!-- duration: 19ms -->
</step><!-- duration: 1510ms -->
