<step title="Incoming Request" date="2025-06-04T15:49:25.739" instance="5c395b" url="/api/zipdeploy?isAsync=true" method="POST" type="request" pid="769,1,52" Accept="application/json" Host="appweb-waq4p4p6muise.scm.azurewebsites.net" User-Agent="azsdk-go-zip-deploy/1.0.0 (go1.24.0 X:loopvar; darwin),azdev/1.16.1 (Go go1.24.0 X:loopvar; darwin/arm64)" Accept-Encoding="gzip" Authorization="Bea..." Content-Type="application/octet-stream" Content-Length="496686" X-Ms-Correlation-Request-Id="9e60c13c1f7afdf9347d387965605973" X-ARR-LOG-ID="9e60c13c-1f7a-fdf9-347d-387965605973" CLIENT-IP="99.233.15.57:57043" X-SITE-DEPLOYMENT-ID="appweb-waq4p4p6muise" WAS-DEFAULT-HOSTNAME="appweb-waq4p4p6muise.scm.azurewebsites.net" X-Forwarded-Proto="https" X-AppService-Proto="https" X-Forwarded-TlsVersion="1.3" X-WAWS-Unencoded-URL="/api/zipdeploy?isAsync=true" X-Client-IP="99.233.15.57" X-Client-Port="57043" >
  <step title="Cleanup Xml Logs" date="2025-06-04T15:49:25.743" /><!-- duration: 6ms -->
  <step title="ZipPushDeploy" date="2025-06-04T15:49:25.802" >
    <step title="ZipDeploy. Extract zip." date="2025-06-04T15:49:25.812" /><!-- duration: 8ms -->
    <step title="Starting PushDeployAsync" date="2025-06-04T15:49:25.824" /><!-- duration: 2ms -->
    <step title="Writing artifact to /tmp/zipdeploy/0bfb792d-3b39-4587-9b78-c5bff72484db.zip" date="2025-06-04T15:49:25.841" >
      <step title="Writing multipart request body to /tmp/zipdeploy/0bfb792d-3b39-4587-9b78-c5bff72484db.zip" date="2025-06-04T15:49:25.843" /><!-- duration: 6ms -->
    </step><!-- duration: 39ms -->
    <step title="Start deployment in the background" date="2025-06-04T15:49:25.924" >
      <step title="Acquiring Deployment Lock" date="2025-06-04T15:49:25.962" /><!-- duration: 3ms -->
      <step title="Acquired Deployment Lock" date="2025-06-04T15:49:25.984" /><!-- duration: 2ms -->
    </step><!-- duration: 139ms -->
  </step><!-- duration: 264ms -->
  <step title="Outgoing response" date="2025-06-04T15:49:26.072" type="response" statusCode="202" statusText="Accepted" /><!-- duration: 2ms -->
</step><!-- duration: 338ms -->
