<step title="BackgroundTrace" date="2025-06-04T13:50:21.284" instance="5c395b" url="/api/zipdeploy" method="POST" >
  <step title="Creating temporary deployment - FetchDeploymentManager" date="2025-06-04T13:50:21.334" /><!-- duration: 10ms -->
  <step title="Creating temporary deployment" date="2025-06-04T13:50:21.354" /><!-- duration: 71ms -->
  <step title="Performing fetch based deployment" date="2025-06-04T13:50:21.458" >
    <step title="Cleaning up temp folders from previous zip deployments and extracting pushed zip file /tmp/zipdeploy/03dec1d3-2b87-4dc0-9b0f-d9baa98d1c44.zip (0.47 MB) to /tmp/zipdeploy/extracted" date="2025-06-04T13:50:22.591" >
      <step title="ChmodRecursive Process exited with total time taken in ms: 40" date="2025-06-04T13:50:22.734" /><!-- duration: 40ms -->
    </step><!-- duration: 193ms -->
    <step title="Deployment timer started" date="2025-06-04T13:50:24.814" >
      <step title="DeploymentManager.Deploy(id:02db33e0-17ad-4d84-a3e3-fa8040f0b33e)" date="2025-06-04T13:50:24.823" >
        <step title="Collecting changeset information" date="2025-06-04T13:50:24.853" /><!-- duration: 80ms -->
        <step title="Updating submodules" date="2025-06-04T13:50:24.938" /><!-- duration: 1070ms -->
        <step title="Determining deployment builder" date="2025-06-04T13:50:26.152" >
          <step title="Builder is BasicBuilder" date="2025-06-04T13:50:26.174" /><!-- duration: 2ms -->
        </step><!-- duration: 27ms -->
        <step title="PreDeployment: context.CleanOutputPath False" date="2025-06-04T13:50:26.207" >
          <step title="PreDeployment: context.OutputPath /home/site/wwwroot" date="2025-06-04T13:50:26.267" >
            <step title="Building" date="2025-06-04T13:50:26.369" >
              <step title="Generating deployment script" date="2025-06-04T13:50:26.498" >
                <step title="Using cached version of the deployment script for command: -y --no-dot-deployment -r &quot;/tmp/zipdeploy/extracted&quot; -o &quot;/home/site/deployments/tools&quot; --basic --sitePath &quot;/tmp/zipdeploy/extracted&quot;" date="2025-06-04T13:50:26.535" /><!-- duration: 1ms -->
              </step><!-- duration: 63ms -->
              <step title="Executing external process" date="2025-06-04T13:50:26.698" type="process" path="starter.sh" arguments="&quot;/home/site/deployments/tools/deploy.sh&quot;" /><!-- duration: 1900ms -->
              <step title="Triggering recycle (preview mode disabled)." date="2025-06-04T13:50:28.811" /><!-- duration: 2ms -->
              <step title="Modified file to trigger a restart of the app container." date="2025-06-04T13:50:28.863" /><!-- duration: 2ms -->
              <step title="Skip function trigger and logicapp sync because function is not enabled." date="2025-06-04T13:50:28.867" /><!-- duration: 3ms -->
              <step title="Purge deployment items" date="2025-06-04T13:50:29.592" >
                <step title="Remove 1c0f9d2f-, Success, received at 06/04/2025 00:05:42" date="2025-06-04T13:50:29.630" /><!-- duration: 3ms -->
              </step><!-- duration: 46ms -->
            </step><!-- duration: 3317ms -->
          </step><!-- duration: 3422ms -->
          <step title="Cleaning up temp files" date="2025-06-04T13:50:29.690" /><!-- duration: 3ms -->
          <step title="Cleaning up temp files" date="2025-06-04T13:50:29.695" /><!-- duration: 503ms -->
          <step title="Reloading status file with latest updates" date="2025-06-04T13:50:30.224" >
            <step title="WebHooksManager.PublishEventAsync: PostDeployment" date="2025-06-04T13:50:30.229" /><!-- duration: 23ms -->
          </step><!-- duration: 30ms -->
          <step title="Cleaning up temporary deployment - fetch deployment was successful" date="2025-06-04T13:50:30.258" /><!-- duration: 2ms -->
        </step><!-- duration: 4118ms -->
      </step><!-- duration: 5518ms -->
