<step title="BackgroundTrace" date="2025-06-04T13:27:05.996" instance="5c395b" url="/api/zipdeploy" method="POST" >
  <step title="Creating temporary deployment - FetchDeploymentManager" date="2025-06-04T13:27:06.041" /><!-- duration: 2ms -->
  <step title="Creating temporary deployment" date="2025-06-04T13:27:06.045" /><!-- duration: 56ms -->
  <step title="Performing fetch based deployment" date="2025-06-04T13:27:06.138" >
    <step title="Cleaning up temp folders from previous zip deployments and extracting pushed zip file /tmp/zipdeploy/e6f54955-bd3d-4eeb-a960-11cf573c2b5c.zip (0.47 MB) to /tmp/zipdeploy/extracted" date="2025-06-04T13:27:07.370" >
      <step title="ChmodRecursive Process exited with total time taken in ms: 81" date="2025-06-04T13:27:07.592" /><!-- duration: 18ms -->
    </step><!-- duration: 251ms -->
    <step title="Deployment timer started" date="2025-06-04T13:27:09.693" >
      <step title="DeploymentManager.Deploy(id:3ae99a90-0ea7-421e-a0ea-478004e7d342)" date="2025-06-04T13:27:09.746" >
        <step title="Collecting changeset information" date="2025-06-04T13:27:09.804" /><!-- duration: 143ms -->
        <step title="Updating submodules" date="2025-06-04T13:27:09.976" /><!-- duration: 1145ms -->
        <step title="Determining deployment builder" date="2025-06-04T13:27:11.423" >
          <step title="Builder is BasicBuilder" date="2025-06-04T13:27:11.462" /><!-- duration: 20ms -->
        </step><!-- duration: 68ms -->
        <step title="PreDeployment: context.CleanOutputPath False" date="2025-06-04T13:27:11.552" >
          <step title="PreDeployment: context.OutputPath /home/site/wwwroot" date="2025-06-04T13:27:11.646" >
            <step title="Building" date="2025-06-04T13:27:11.834" >
              <step title="Generating deployment script" date="2025-06-04T13:27:11.966" >
                <step title="Using cached version of the deployment script for command: -y --no-dot-deployment -r &quot;/tmp/zipdeploy/extracted&quot; -o &quot;/home/site/deployments/tools&quot; --basic --sitePath &quot;/tmp/zipdeploy/extracted&quot;" date="2025-06-04T13:27:12.076" /><!-- duration: 39ms -->
              </step><!-- duration: 242ms -->
              <step title="Executing external process" date="2025-06-04T13:27:12.427" type="process" path="starter.sh" arguments="&quot;/home/site/deployments/tools/deploy.sh&quot;" /><!-- duration: 5349ms -->
              <step title="Triggering recycle (preview mode disabled)." date="2025-06-04T13:27:18.126" /><!-- duration: 2ms -->
              <step title="Modified file to trigger a restart of the app container." date="2025-06-04T13:27:18.188" /><!-- duration: 10ms -->
              <step title="Skip function trigger and logicapp sync because function is not enabled." date="2025-06-04T13:27:18.216" /><!-- duration: 3ms -->
            </step><!-- duration: 7574ms -->
          </step><!-- duration: 7779ms -->
          <step title="Cleaning up temp files" date="2025-06-04T13:27:19.434" /><!-- duration: 50ms -->
          <step title="Cleaning up temp files" date="2025-06-04T13:27:19.504" /><!-- duration: 603ms -->
          <step title="Reloading status file with latest updates" date="2025-06-04T13:27:20.168" >
            <step title="WebHooksManager.PublishEventAsync: PostDeployment" date="2025-06-04T13:27:20.199" /><!-- duration: 60ms -->
          </step><!-- duration: 110ms -->
          <step title="Cleaning up temporary deployment - fetch deployment was successful" date="2025-06-04T13:27:20.290" /><!-- duration: 10ms -->
        </step><!-- duration: 8877ms -->
      </step><!-- duration: 10743ms -->
