<step title="Incoming Request" date="2025-06-04T19:34:48.625" instance="5c395b" url="/api/zipdeploy?isAsync=true" method="POST" type="request" pid="769,1,3" Accept="application/json" Host="appweb-waq4p4p6muise.scm.azurewebsites.net" User-Agent="azsdk-go-zip-deploy/1.0.0 (go1.24.0 X:loopvar; darwin),azdev/1.16.1 (Go go1.24.0 X:loopvar; darwin/arm64)" Accept-Encoding="gzip" Authorization="Bea..." Content-Type="application/octet-stream" Content-Length="496835" X-Ms-Correlation-Request-Id="edc965016d83926598f0f8793067e175" X-ARR-LOG-ID="edc96501-6d83-9265-98f0-f8793067e175" CLIENT-IP="99.233.15.57:54926" X-SITE-DEPLOYMENT-ID="appweb-waq4p4p6muise" WAS-DEFAULT-HOSTNAME="appweb-waq4p4p6muise.scm.azurewebsites.net" X-Forwarded-Proto="https" X-AppService-Proto="https" X-Forwarded-TlsVersion="1.3" X-WAWS-Unencoded-URL="/api/zipdeploy?isAsync=true" X-Client-IP="99.233.15.57" X-Client-Port="54926" >
  <step title="Cleanup Xml Logs" date="2025-06-04T19:34:48.636" /><!-- duration: 19ms -->
  <step title="ZipPushDeploy" date="2025-06-04T19:34:48.692" >
    <step title="ZipDeploy. Extract zip." date="2025-06-04T19:34:48.697" /><!-- duration: 2ms -->
    <step title="Starting PushDeployAsync" date="2025-06-04T19:34:48.702" /><!-- duration: 2ms -->
    <step title="Writing artifact to /tmp/zipdeploy/fdfd3715-ff08-4112-8915-f4aea02c62db.zip" date="2025-06-04T19:34:48.717" >
      <step title="Writing multipart request body to /tmp/zipdeploy/fdfd3715-ff08-4112-8915-f4aea02c62db.zip" date="2025-06-04T19:34:48.721" /><!-- duration: 5ms -->
    </step><!-- duration: 52ms -->
    <step title="Start deployment in the background" date="2025-06-04T19:34:48.796" >
      <step title="Acquiring Deployment Lock" date="2025-06-04T19:34:48.837" /><!-- duration: 10ms -->
      <step title="Acquired Deployment Lock" date="2025-06-04T19:34:48.872" /><!-- duration: 2ms -->
    </step><!-- duration: 141ms -->
  </step><!-- duration: 250ms -->
  <step title="Outgoing response" date="2025-06-04T19:34:48.946" type="response" statusCode="202" statusText="Accepted" /><!-- duration: 3ms -->
</step><!-- duration: 326ms -->
