<step title="Incoming Request" date="2025-06-04T14:28:45.555" instance="5c395b" url="/api/zipdeploy?isAsync=true" method="POST" type="request" pid="767,1,38" Accept="application/json" Host="appweb-waq4p4p6muise.scm.azurewebsites.net" User-Agent="azsdk-go-zip-deploy/1.0.0 (go1.24.0 X:loopvar; darwin),azdev/1.16.1 (Go go1.24.0 X:loopvar; darwin/arm64)" Accept-Encoding="gzip" Authorization="Bea..." Content-Type="application/octet-stream" Content-Length="495255" X-Ms-Correlation-Request-Id="d1d694ff1a47962d42be9d0812105ebb" X-ARR-LOG-ID="d1d694ff-1a47-962d-42be-9d0812105ebb" CLIENT-IP="99.233.15.57:57594" X-SITE-DEPLOYMENT-ID="appweb-waq4p4p6muise" WAS-DEFAULT-HOSTNAME="appweb-waq4p4p6muise.scm.azurewebsites.net" X-Forwarded-Proto="https" X-AppService-Proto="https" X-Forwarded-TlsVersion="1.3" X-WAWS-Unencoded-URL="/api/zipdeploy?isAsync=true" X-Client-IP="99.233.15.57" X-Client-Port="57594" >
  <step title="Cleanup Xml Logs" date="2025-06-04T14:28:45.557" /><!-- duration: 5ms -->
  <step title="ZipPushDeploy" date="2025-06-04T14:28:45.574" >
    <step title="ZipDeploy. Extract zip." date="2025-06-04T14:28:45.577" /><!-- duration: 1ms -->
    <step title="Starting PushDeployAsync" date="2025-06-04T14:28:45.580" /><!-- duration: 2ms -->
    <step title="Writing artifact to /tmp/zipdeploy/32092256-72c5-41e6-8914-9642076b362a.zip" date="2025-06-04T14:28:45.595" >
      <step title="Writing multipart request body to /tmp/zipdeploy/32092256-72c5-41e6-8914-9642076b362a.zip" date="2025-06-04T14:28:45.596" /><!-- duration: 6ms -->
    </step><!-- duration: 20ms -->
    <step title="Start deployment in the background" date="2025-06-04T14:28:45.655" >
      <step title="Acquiring Deployment Lock" date="2025-06-04T14:28:45.674" /><!-- duration: 2ms -->
      <step title="Acquired Deployment Lock" date="2025-06-04T14:28:45.701" /><!-- duration: 2ms -->
    </step><!-- duration: 96ms -->
  </step><!-- duration: 183ms -->
  <step title="Outgoing response" date="2025-06-04T14:28:45.766" type="response" statusCode="202" statusText="Accepted" /><!-- duration: 2ms -->
</step><!-- duration: 214ms -->
