<step title="BackgroundTrace" date="2025-06-04T13:19:47.445" instance="5c395b" url="/api/zipdeploy" method="POST" >
  <step title="Creating temporary deployment - FetchDeploymentManager" date="2025-06-04T13:19:47.489" /><!-- duration: 2ms -->
  <step title="Creating temporary deployment" date="2025-06-04T13:19:47.493" /><!-- duration: 47ms -->
  <step title="Performing fetch based deployment" date="2025-06-04T13:19:47.575" >
    <step title="Cleaning up temp folders from previous zip deployments and extracting pushed zip file /tmp/zipdeploy/692339d3-2396-4306-8ddb-7d62b98aeec9.zip (0.47 MB) to /tmp/zipdeploy/extracted" date="2025-06-04T13:19:48.700" >
      <step title="ChmodRecursive Process exited with total time taken in ms: 79" date="2025-06-04T13:19:48.854" /><!-- duration: 19ms -->
    </step><!-- duration: 182ms -->
    <step title="Deployment timer started" date="2025-06-04T13:19:50.906" >
      <step title="DeploymentManager.Deploy(id:bde471ea-0b8f-4e92-ace2-8bf31a18efcd)" date="2025-06-04T13:19:50.911" >
        <step title="Collecting changeset information" date="2025-06-04T13:19:50.953" /><!-- duration: 107ms -->
        <step title="Updating submodules" date="2025-06-04T13:19:51.063" /><!-- duration: 1076ms -->
        <step title="Determining deployment builder" date="2025-06-04T13:19:52.271" >
          <step title="Builder is BasicBuilder" date="2025-06-04T13:19:52.284" /><!-- duration: 8ms -->
        </step><!-- duration: 23ms -->
        <step title="PreDeployment: context.CleanOutputPath False" date="2025-06-04T13:19:52.333" >
          <step title="PreDeployment: context.OutputPath /home/site/wwwroot" date="2025-06-04T13:19:52.407" >
            <step title="Building" date="2025-06-04T13:19:52.483" >
              <step title="Generating deployment script" date="2025-06-04T13:19:52.569" >
                <step title="Using cached version of the deployment script for command: -y --no-dot-deployment -r &quot;/tmp/zipdeploy/extracted&quot; -o &quot;/home/site/deployments/tools&quot; --basic --sitePath &quot;/tmp/zipdeploy/extracted&quot;" date="2025-06-04T13:19:52.613" /><!-- duration: 2ms -->
              </step><!-- duration: 59ms -->
              <step title="Executing external process" date="2025-06-04T13:19:52.743" type="process" path="starter.sh" arguments="&quot;/home/site/deployments/tools/deploy.sh&quot;" /><!-- duration: 873ms -->
              <step title="Triggering recycle (preview mode disabled)." date="2025-06-04T13:19:53.771" /><!-- duration: 2ms -->
              <step title="Modified file to trigger a restart of the app container." date="2025-06-04T13:19:53.805" /><!-- duration: 1ms -->
              <step title="Skip function trigger and logicapp sync because function is not enabled." date="2025-06-04T13:19:53.809" /><!-- duration: 3ms -->
            </step><!-- duration: 2286ms -->
          </step><!-- duration: 2383ms -->
          <step title="Cleaning up temp files" date="2025-06-04T13:19:54.798" /><!-- duration: 11ms -->
          <step title="Cleaning up temp files" date="2025-06-04T13:19:54.810" /><!-- duration: 587ms -->
          <step title="Reloading status file with latest updates" date="2025-06-04T13:19:55.418" >
            <step title="WebHooksManager.PublishEventAsync: PostDeployment" date="2025-06-04T13:19:55.425" /><!-- duration: 51ms -->
          </step><!-- duration: 60ms -->
          <step title="Cleaning up temporary deployment - fetch deployment was successful" date="2025-06-04T13:19:55.484" /><!-- duration: 2ms -->
        </step><!-- duration: 3207ms -->
      </step><!-- duration: 4650ms -->
