﻿<?xml version="1.0" encoding="utf-8"?>
<deployment>
  <id>db9e13d5-bc0c-4c5d-b9c4-1918d6bbb5a2</id>
  <author>N/A</author>
  <deployer>OneDeploy</deployer>
  <authorEmail>N/A</authorEmail>
  <message>OneDeploy</message>
  <progress></progress>
  <status>Success</status>
  <statusText></statusText>
  <lastSuccessEndTime>2025-06-03T15:19:51.0921057Z</lastSuccessEndTime>
  <receivedTime>2025-06-03T15:19:42.7154678Z</receivedTime>
  <startTime>2025-06-03T15:19:44.5178175Z</startTime>
  <endTime>2025-06-03T15:19:51.0921057Z</endTime>
  <complete>True</complete>
  <is_temp>False</is_temp>
  <is_readonly>True</is_readonly>
  <buildSummary />
</deployment>