﻿<?xml version="1.0" encoding="utf-8"?>
<deployment>
  <id>2455f745-35c6-4bf6-8f0c-72d9f56c8da7</id>
  <author>N/A</author>
  <deployer>Push-Deployer</deployer>
  <authorEmail>N/A</authorEmail>
  <message>Created via a push deployment</message>
  <progress></progress>
  <status>Success</status>
  <statusText></statusText>
  <lastSuccessEndTime>2025-06-04T15:49:36.0280332Z</lastSuccessEndTime>
  <receivedTime>2025-06-04T15:49:29.5704747Z</receivedTime>
  <startTime>2025-06-04T15:49:30.8251058Z</startTime>
  <endTime>2025-06-04T15:49:36.0280332Z</endTime>
  <complete>True</complete>
  <is_temp>False</is_temp>
  <is_readonly>True</is_readonly>
  <buildSummary />
</deployment>