﻿<?xml version="1.0" encoding="utf-8"?>
<deployment>
  <id>bba94184-fec5-450b-9b56-ca7ed7e61697</id>
  <author>N/A</author>
  <deployer>Push-Deployer</deployer>
  <authorEmail>N/A</authorEmail>
  <message>Created via a push deployment</message>
  <progress></progress>
  <status>Success</status>
  <statusText></statusText>
  <lastSuccessEndTime>2025-06-04T14:49:44.8503637Z</lastSuccessEndTime>
  <receivedTime>2025-06-04T14:49:40.2408254Z</receivedTime>
  <startTime>2025-06-04T14:49:41.5043169Z</startTime>
  <endTime>2025-06-04T14:49:44.8503637Z</endTime>
  <complete>True</complete>
  <is_temp>False</is_temp>
  <is_readonly>True</is_readonly>
  <buildSummary />
</deployment>