﻿<?xml version="1.0" encoding="utf-8"?>
<deployment>
  <id>d728498f-30ad-4160-9802-7da771610902</id>
  <author>N/A</author>
  <deployer>Push-Deployer</deployer>
  <authorEmail>N/A</authorEmail>
  <message>Created via a push deployment</message>
  <progress></progress>
  <status>Success</status>
  <statusText></statusText>
  <lastSuccessEndTime>2025-06-04T15:59:59.5399365Z</lastSuccessEndTime>
  <receivedTime>2025-06-04T15:59:54.269007Z</receivedTime>
  <startTime>2025-06-04T15:59:55.509847Z</startTime>
  <endTime>2025-06-04T15:59:59.5399365Z</endTime>
  <complete>True</complete>
  <is_temp>False</is_temp>
  <is_readonly>True</is_readonly>
  <buildSummary />
</deployment>