﻿<?xml version="1.0" encoding="utf-8"?>
<deployment>
  <id>51b9a1e7-bde4-4130-aa7b-0e37d06b8a4c</id>
  <author>N/A</author>
  <deployer>Push-Deployer</deployer>
  <authorEmail>N/A</authorEmail>
  <message>Created via a push deployment</message>
  <progress></progress>
  <status>Success</status>
  <statusText></statusText>
  <lastSuccessEndTime>2025-06-04T15:11:33.5623Z</lastSuccessEndTime>
  <receivedTime>2025-06-04T15:11:26.8969963Z</receivedTime>
  <startTime>2025-06-04T15:11:28.1477882Z</startTime>
  <endTime>2025-06-04T15:11:33.5623Z</endTime>
  <complete>True</complete>
  <is_temp>False</is_temp>
  <is_readonly>True</is_readonly>
  <buildSummary />
</deployment>