﻿<?xml version="1.0" encoding="utf-8"?>
<deployment>
  <id>a75ec06d-12e7-4fee-be30-aa631e8424f3</id>
  <author>N/A</author>
  <deployer>OneDeploy</deployer>
  <authorEmail>N/A</authorEmail>
  <message>OneDeploy</message>
  <progress></progress>
  <status>Success</status>
  <statusText></statusText>
  <lastSuccessEndTime>2025-06-03T14:18:34.4232967Z</lastSuccessEndTime>
  <receivedTime>2025-06-03T14:18:27.2706986Z</receivedTime>
  <startTime>2025-06-03T14:18:28.6211006Z</startTime>
  <endTime>2025-06-03T14:18:34.4232967Z</endTime>
  <complete>True</complete>
  <is_temp>False</is_temp>
  <is_readonly>True</is_readonly>
  <buildSummary />
</deployment>