﻿<?xml version="1.0" encoding="utf-8"?>
<deployment>
  <id>29cb6ace-8cd5-42db-b826-2de3673bff8e</id>
  <author>N/A</author>
  <deployer>OneDeploy</deployer>
  <authorEmail>N/A</authorEmail>
  <message>OneDeploy</message>
  <progress></progress>
  <status>Success</status>
  <statusText></statusText>
  <lastSuccessEndTime>2025-06-03T13:25:38.4452065Z</lastSuccessEndTime>
  <receivedTime>2025-06-03T13:25:32.1694801Z</receivedTime>
  <startTime>2025-06-03T13:25:33.4148276Z</startTime>
  <endTime>2025-06-03T13:25:38.4452065Z</endTime>
  <complete>True</complete>
  <is_temp>False</is_temp>
  <is_readonly>True</is_readonly>
  <buildSummary />
</deployment>