﻿<?xml version="1.0" encoding="utf-8"?>
<deployment>
  <id>fcefbb20-d4f7-4435-87a5-5960dd4b77cc</id>
  <author>N/A</author>
  <deployer>Push-Deployer</deployer>
  <authorEmail>N/A</authorEmail>
  <message>Created via a push deployment</message>
  <progress></progress>
  <status>Success</status>
  <statusText></statusText>
  <lastSuccessEndTime>2025-06-04T15:22:08.7106282Z</lastSuccessEndTime>
  <receivedTime>2025-06-04T15:22:00.2627859Z</receivedTime>
  <startTime>2025-06-04T15:22:01.4794974Z</startTime>
  <endTime>2025-06-04T15:22:08.7106282Z</endTime>
  <complete>True</complete>
  <is_temp>False</is_temp>
  <is_readonly>True</is_readonly>
  <buildSummary />
</deployment>