﻿<?xml version="1.0" encoding="utf-8"?>
<deployment>
  <id>7e381abc-0c14-4551-847e-4e03512789ff</id>
  <author>N/A</author>
  <deployer>OneDeploy</deployer>
  <authorEmail>N/A</authorEmail>
  <message>OneDeploy</message>
  <progress></progress>
  <status>Success</status>
  <statusText></statusText>
  <lastSuccessEndTime>2025-06-03T13:20:34.0510024Z</lastSuccessEndTime>
  <receivedTime>2025-06-03T13:20:31.6371614Z</receivedTime>
  <startTime>2025-06-03T13:20:32.9058833Z</startTime>
  <endTime>2025-06-03T13:20:34.0510024Z</endTime>
  <complete>True</complete>
  <is_temp>False</is_temp>
  <is_readonly>True</is_readonly>
  <buildSummary />
</deployment>