﻿<?xml version="1.0" encoding="utf-8"?>
<deployment>
  <id>f83e39ff-f4de-414c-abd2-874768f9feb9</id>
  <author>N/A</author>
  <deployer>OneDeploy</deployer>
  <authorEmail>N/A</authorEmail>
  <message>OneDeploy</message>
  <progress></progress>
  <status>Success</status>
  <statusText></statusText>
  <lastSuccessEndTime>2025-06-03T13:13:48.2496864Z</lastSuccessEndTime>
  <receivedTime>2025-06-03T13:13:44.1916549Z</receivedTime>
  <startTime>2025-06-03T13:13:45.6164292Z</startTime>
  <endTime>2025-06-03T13:13:48.2496864Z</endTime>
  <complete>True</complete>
  <is_temp>False</is_temp>
  <is_readonly>True</is_readonly>
  <buildSummary />
</deployment>