﻿<?xml version="1.0" encoding="utf-8"?>
<deployment>
  <id>bcf8ec88-d81e-4ccc-846f-0228742adb44</id>
  <author>N/A</author>
  <deployer>Push-Deployer</deployer>
  <authorEmail>N/A</authorEmail>
  <message>Created via a push deployment</message>
  <progress></progress>
  <status>Failed</status>
  <statusText></statusText>
  <lastSuccessEndTime />
  <receivedTime>2025-06-04T20:52:24.169678Z</receivedTime>
  <startTime>2025-06-04T20:52:25.4518857Z</startTime>
  <endTime>2025-06-04T20:53:14.1438836Z</endTime>
  <complete>True</complete>
  <is_temp>False</is_temp>
  <is_readonly>True</is_readonly>
  <buildSummary>
    <error>
      <message>[20:53:11+0000] Collecting Flask==2.3.3 (from -r requirements.txt (line 1))
[20:53:11+0000]   Downloading flask-2.3.3-py3-none-any.whl.metadata (3.6 kB)
ERROR: Could not find a version that satisfies the requirement Flask-SQLAlchemy==3.1.2 (from versions: 0.5, 0.6, 0.9, 0.9.1, 0.10, 0.11, 0.12, 0.13, 0.14, 0.15, 0.16, 1.0, 2.0, 2.1, 2.2, 2.3.0, 2.3.1, 2.3.2, 2.4.0, 2.4.1, 2.4.2, 2.4.3, 2.4.4, 2.5.0, 2.5.1, 3.0.0a1, 3.0.0a2, 3.0.0, 3.0.1, 3.0.2, 3.0.3, 3.0.4, 3.0.5, 3.1.0, 3.1.1)
ERROR: No matching distribution found for Flask-SQLAlchemy==3.1.2

[notice] A new release of pip is available: 24.0 -&gt; 25.1.1
[notice] To update, run: pip install --upgrade pip </message>
      <timestamp>2025-06-04 20:53:12</timestamp>
      <exitCode>1</exitCode>
      <recommendation>Please review your requirements.txt</recommendation>
      <urlToGetMoreInformation>https://aka.ms/troubleshoot-python</urlToGetMoreInformation>
    </error>
  </buildSummary>
</deployment>