﻿<?xml version="1.0" encoding="utf-8"?>
<deployment>
  <id>79c73b89-3024-4d51-a09d-1704a4095a9c</id>
  <author>N/A</author>
  <deployer>Push-Deployer</deployer>
  <authorEmail>N/A</authorEmail>
  <message>Created via a push deployment</message>
  <progress></progress>
  <status>Success</status>
  <statusText></statusText>
  <lastSuccessEndTime>2025-06-04T19:24:33.4235776Z</lastSuccessEndTime>
  <receivedTime>2025-06-04T19:24:24.2245727Z</receivedTime>
  <startTime>2025-06-04T19:24:25.6850202Z</startTime>
  <endTime>2025-06-04T19:24:33.4235776Z</endTime>
  <complete>True</complete>
  <is_temp>False</is_temp>
  <is_readonly>True</is_readonly>
  <buildSummary />
</deployment>