﻿<?xml version="1.0" encoding="utf-8"?>
<deployment>
  <id>639b71e4-a647-4def-a547-4d7e0e203e3f</id>
  <author>N/A</author>
  <deployer>Push-Deployer</deployer>
  <authorEmail>N/A</authorEmail>
  <message>Created via a push deployment</message>
  <progress></progress>
  <status>Success</status>
  <statusText></statusText>
  <lastSuccessEndTime>2025-06-04T19:10:53.5601708Z</lastSuccessEndTime>
  <receivedTime>2025-06-04T19:10:47.2552766Z</receivedTime>
  <startTime>2025-06-04T19:10:48.5028199Z</startTime>
  <endTime>2025-06-04T19:10:53.5601708Z</endTime>
  <complete>True</complete>
  <is_temp>False</is_temp>
  <is_readonly>True</is_readonly>
  <buildSummary />
</deployment>