﻿<?xml version="1.0" encoding="utf-8"?>
<deployment>
  <id>ae471612-d25f-4531-a708-cff851b608ec</id>
  <author>N/A</author>
  <deployer>Push-Deployer</deployer>
  <authorEmail>N/A</authorEmail>
  <message>Created via a push deployment</message>
  <progress></progress>
  <status>Success</status>
  <statusText></statusText>
  <lastSuccessEndTime>2025-06-04T14:39:30.4018403Z</lastSuccessEndTime>
  <receivedTime>2025-06-04T14:39:27.3056227Z</receivedTime>
  <startTime>2025-06-04T14:39:28.5288843Z</startTime>
  <endTime>2025-06-04T14:39:30.4018403Z</endTime>
  <complete>True</complete>
  <is_temp>False</is_temp>
  <is_readonly>True</is_readonly>
  <buildSummary />
</deployment>