﻿<?xml version="1.0" encoding="utf-8"?>
<deployment>
  <id>c2ca1a00-b84b-414c-afbf-12623670f4ce</id>
  <author>N/A</author>
  <deployer>Push-Deployer</deployer>
  <authorEmail>N/A</authorEmail>
  <message>Created via a push deployment</message>
  <progress></progress>
  <status>Success</status>
  <statusText></statusText>
  <lastSuccessEndTime>2025-06-04T19:21:20.0670497Z</lastSuccessEndTime>
  <receivedTime>2025-06-04T19:21:14.2136796Z</receivedTime>
  <startTime>2025-06-04T19:21:15.4861578Z</startTime>
  <endTime>2025-06-04T19:21:20.0670497Z</endTime>
  <complete>True</complete>
  <is_temp>False</is_temp>
  <is_readonly>True</is_readonly>
  <buildSummary />
</deployment>