﻿<?xml version="1.0" encoding="utf-8"?>
<deployment>
  <id>bfc8eded-44f6-4ea8-a920-6875f66d3de9</id>
  <author>N/A</author>
  <deployer>OneDeploy</deployer>
  <authorEmail>N/A</authorEmail>
  <message>OneDeploy</message>
  <progress></progress>
  <status>Success</status>
  <statusText></statusText>
  <lastSuccessEndTime>2025-06-04T21:11:38.6827945Z</lastSuccessEndTime>
  <receivedTime>2025-06-04T21:11:34.730539Z</receivedTime>
  <startTime>2025-06-04T21:11:35.9759891Z</startTime>
  <endTime>2025-06-04T21:11:38.6827945Z</endTime>
  <complete>True</complete>
  <is_temp>False</is_temp>
  <is_readonly>True</is_readonly>
  <buildSummary />
</deployment>