{
  "analysisServicesServers": "as",
  "apiConnections": "con",
  "apiManagementService": "apim",
  "appConfigurationStores": "appcs",
  "appManagedEnvironments": "cae",
  "appContainerApps": "ca",
  "authorizationPolicyDefinitions": "policy",
  "automationAccounts": "aa",
  "blueprintAssignments": "bpa",
  "blueprints": "bp",
  "botServices": "bot",
  "cacheForRedis": "redis",
  "cdnProfiles": "cdnp",
  "cdnProfilesEndpoints": "cdne",
  "cognitiveServicesAccounts": "cog",
  "cognitiveServicesFormRecognizer": "csfr",
  "cognitiveServicesTextAnalytics": "csta",
  "containerGroups": "ci",
  "containerRegistries": "cr",
  "containerServices": "aks",
  "cosmosDBDatabaseAccounts": "cosmos",
  "customerInsights": "ci",
  "dataFactories": "adf",
  "dataLakeAnalyticsAccounts": "dla",
  "dataLakeStoreAccounts": "dls",
  "dataMigrationServices": "dms",
  "dBforMariaDBServers": "mariadb",
  "dBforMySQLServers": "mysql",
  "dBforPostgreSQLServers": "psql",
  "devicesIotHubs": "iot",
  "devicesProvisioningServices": "provs",
  "documentDBDatabaseAccounts": "docdb",
  "eventGridDomains": "evgd",
  "eventGridSubscriptions": "evgs",
  "eventGridTopics": "evgt",
  "eventHubNamespaces": "evhns",
  "eventHubs": "evh",
  "expressRouteCircuits": "erc",
  "frontDoors": "fd",
  "hdInsightClustersAnalyticsCluster": "hadoopcluster",
  "hdInsightClustersHbaseCluster": "hbasecluster",
  "hdInsightClustersKafkaCluster": "kafkacluster",
  "hdInsightClustersMLServicesCluster": "mlservicescluster",
  "hdInsightClustersSparkCluster": "sparkcluster",
  "hdInsightClustersStormCluster": "stormcluster",
  "hybridComputeMachines": "arcs",
  "insightsActionGroups": "ag",
  "insightsAlertRules": "ar",
  "insightsAutoscaleSettings": "as",
  "insightsComponents": "appi",
  "insightsWorkbooks": "wb",
  "keyVaultVaults": "kv",
  "kubernetesServices": "aks",
  "loadBalancers": "lb",
  "loadBalancersInbound": "lbi",
  "loadBalancersInternal": "lbi",
  "loadBalancersOutbound": "lbo",
  "localNetworkGateways": "lgw",
  "logicWorkflows": "logic",
  "machineLearningServicesWorkspaces": "mlw",
  "managedIdentityUserAssignedIdentities": "id",
  "maps": "map",
  "mariaDBServers": "mariadb",
  "mediaServices": "ams",
  "mySQLServers": "mysql",
  "networkApplicationGateways": "agw",
  "networkConnections": "con",
  "networkExpressRouteCircuits": "erc",
  "networkFirewalls": "afw",
  "networkLoadBalancers": "lb",
  "networkLocalGateways": "lgw",
  "networkNatGateways": "ng",
  "networkNetworkInterfaces": "nic",
  "networkNetworkSecurityGroups": "nsg",
  "networkPrivateDnsZones": "pdnsz",
  "networkPrivateLinkServices": "pl",
  "networkPublicIPAddresses": "pip",
  "networkPublicIPPrefixes": "ippre",
  "networkRouteFilters": "rf",
  "networkRouteTables": "rt",
  "networkRoutes": "udr",
  "networkSecurityGroups": "nsg",
  "networkTrafficManagerProfiles": "traf",
  "networkVirtualAppliances": "nva",
  "networkVirtualHubs": "vhub",
  "networkVirtualNetworkGateways": "vgw",
  "networkVirtualNetworks": "vnet",
  "networkVirtualWans": "vwan",
  "notificationHubNamespaces": "ntfns",
  "notificationHubs": "ntf",
  "operationalInsightsWorkspaces": "log",
  "portalDashboards": "dash",
  "postgreSQLServers": "psql",
  "powerBIDedicated": "pbi",
  "purviewAccounts": "pview",
  "recoveryServicesVaults": "rsv",
  "redisEnterpriseRedis": "redisenterprise",
  "relayNamespaces": "rly",
  "resourcesResourceGroups": "rg",
  "searchServices": "srch",
  "serviceBusNamespaces": "sb",
  "serviceBusQueues": "sbq",
  "serviceBusTopics": "sbt",
  "serviceEndPointPolicies": "se",
  "serviceFabricClusters": "sf",
  "serviceFabricManagedClusters": "sfmc",
  "signalRService": "sigr",
  "sqlDatabases": "sqldb",
  "sqlServers": "sql",
  "storageStorageAccounts": "st",
  "streamAnalyticsCluster": "asa",
  "synapseWorkspaces": "syn",
  "timeSeriesInsightsEnvironments": "tsi",
  "trafficManagerProfiles": "traf",
  "userAssignedIdentities": "id",
  "virtualMachineScaleSets": "vmss",
  "virtualMachines": "vm",
  "virtualNetworkGateways": "vgw",
  "webServerFarms": "plan",
  "webSitesAppService": "app",
  "webSitesAppServiceEnvironment": "ase",
  "webSitesFunctions": "func"
}
