﻿<?xml version="1.0" encoding="utf-8"?>
<deployment>
  <id>2d55e3fd-be39-4187-99a7-e88371cf7425</id>
  <author>N/A</author>
  <deployer>OneDeploy</deployer>
  <authorEmail>N/A</authorEmail>
  <message>OneDeploy</message>
  <progress></progress>
  <status>Success</status>
  <statusText></statusText>
  <lastSuccessEndTime>2025-06-03T13:06:23.4014983Z</lastSuccessEndTime>
  <receivedTime>2025-06-03T13:06:19.1431592Z</receivedTime>
  <startTime>2025-06-03T13:06:20.3854699Z</startTime>
  <endTime>2025-06-03T13:06:23.4014983Z</endTime>
  <complete>True</complete>
  <is_temp>False</is_temp>
  <is_readonly>True</is_readonly>
  <buildSummary />
</deployment>