﻿<?xml version="1.0" encoding="utf-8"?>
<deployment>
  <id>04bfdc16-ee36-4cbd-aa78-b25a1c1e43ff</id>
  <author>N/A</author>
  <deployer>Push-Deployer</deployer>
  <authorEmail>N/A</authorEmail>
  <message>Created via a push deployment</message>
  <progress></progress>
  <status>Success</status>
  <statusText></statusText>
  <lastSuccessEndTime>2025-06-04T19:34:59.0129315Z</lastSuccessEndTime>
  <receivedTime>2025-06-04T19:34:52.5465801Z</receivedTime>
  <startTime>2025-06-04T19:34:53.7715424Z</startTime>
  <endTime>2025-06-04T19:34:59.0129315Z</endTime>
  <complete>True</complete>
  <is_temp>False</is_temp>
  <is_readonly>True</is_readonly>
  <buildSummary />
</deployment>