﻿<?xml version="1.0" encoding="utf-8"?>
<deployment>
  <id>146f979a-859e-4cf0-9c22-8baae363c947</id>
  <author>N/A</author>
  <deployer>OneDeploy</deployer>
  <authorEmail>N/A</authorEmail>
  <message>OneDeploy</message>
  <progress></progress>
  <status>Success</status>
  <statusText></statusText>
  <lastSuccessEndTime>2025-06-03T12:59:21.4378722Z</lastSuccessEndTime>
  <receivedTime>2025-06-03T12:59:17.5356615Z</receivedTime>
  <startTime>2025-06-03T12:59:18.8059601Z</startTime>
  <endTime>2025-06-03T12:59:21.4378722Z</endTime>
  <complete>True</complete>
  <is_temp>False</is_temp>
  <is_readonly>True</is_readonly>
  <buildSummary />
</deployment>