<step title="Incoming Request" date="2025-06-03T15:19:36.956" instance="81c6b4" url="/api/publish?type=zip" method="POST" type="request" pid="767,1,16" Accept="*/*" Host="webapp-els-crm-1748900322.scm.azurewebsites.net" User-Agent="AZURECLI/2.73.0 (HOMEBREW)" Accept-Encoding="gzip, deflate" Authorization="Bas..." Cache-Control="no-cache" Content-Type="application/octet-stream" Cookie="ARRAffinity=81c6b43bcb7aea592e620086200b3ab40b78857d08aa07e29c330415afa10cf8; ARRAffinitySameSite=81c6b43bcb7aea592e620086200b3ab40b78857d08aa07e29c330415afa10cf8" Content-Length="354" x-ms-client-request-id="1fa53658-408e-11f0-a2d2-6681aebc0c60" x-ms-artifact-checksum="a54992375c1b034f134e007adb2cdc76e26716b7fb36d372f38d23dadba0cd97" X-ARR-LOG-ID="1fa53658-408e-11f0-a2d2-6681aebc0c60" CLIENT-IP="99.233.15.57:58479" X-SITE-DEPLOYMENT-ID="webapp-els-crm-1748900322" WAS-DEFAULT-HOSTNAME="webapp-els-crm-1748900322.scm.azurewebsites.net" X-Forwarded-Proto="https" X-AppService-Proto="https" X-Forwarded-TlsVersion="1.3" X-WAWS-Unencoded-URL="/api/publish?type=zip" X-Client-IP="99.233.15.57" X-Client-Port="58479" >
  <step title="Cleanup Xml Logs" date="2025-06-03T15:19:36.966" /><!-- duration: 40ms -->
  <step title="OneDeploy" date="2025-06-03T15:19:37.425" >
    <step title="None repository commit" date="2025-06-03T15:19:37.524" >
      <step title="Commit id: db9e13d5-bc0c-4c5d-b9c4-1918d6bbb5a2" date="2025-06-03T15:19:37.526" Message="N/A" AuthorName="N/A" AuthorEmail="N/A" /><!-- duration: 10ms -->
    </step><!-- duration: 20ms -->
    <step title="Starting PushDeployAsync" date="2025-06-03T15:19:37.547" /><!-- duration: 9ms -->
    <step title="Writing artifact to /tmp/zipdeploy/2d59e544-1ea7-4b4b-aedb-686988792425.zip" date="2025-06-03T15:19:37.604" >
      <step title="Writing multipart request body to /tmp/zipdeploy/2d59e544-1ea7-4b4b-aedb-686988792425.zip" date="2025-06-03T15:19:37.615" /><!-- duration: 19ms -->
    </step><!-- duration: 131ms -->
    <step title="Attempting to fetch target branch HEAD" date="2025-06-03T15:19:37.775" /><!-- duration: 2ms -->
    <step title="Acquiring Deployment Lock" date="2025-06-03T15:19:37.796" /><!-- duration: 9ms -->
    <step title="Acquired Deployment Lock" date="2025-06-03T15:19:37.896" /><!-- duration: 9ms -->
    <step title="Performing fetch based deployment" date="2025-06-03T15:19:37.935" >
      <step title="Creating temporary deployment" date="2025-06-03T15:19:37.975" /><!-- duration: 402ms -->
      <step title="Releasing Deployment Lock" date="2025-06-03T15:19:39.866" /><!-- duration: 29ms -->
      <step title="Cleaning up temp folders from previous zip deployments and extracting pushed zip file /tmp/zipdeploy/2d59e544-1ea7-4b4b-aedb-686988792425.zip (0.00 MB) to /tmp/zipdeploy/extracted" date="2025-06-03T15:19:40.025" >
        <step title="ChmodRecursive Process exited with total time taken in ms: 171" date="2025-06-03T15:19:40.437" /><!-- duration: 9ms -->
      </step><!-- duration: 440ms -->
      <step title="None repository commit" date="2025-06-03T15:19:40.477" >
        <step title="Commit id: db9e13d5-bc0c-4c5d-b9c4-1918d6bbb5a2" date="2025-06-03T15:19:40.487" Message="OneDeploy" AuthorName="N/A" AuthorEmail="N/A" /><!-- duration: 10ms -->
      </step><!-- duration: 29ms -->
      <step title="Deployment timer started" date="2025-06-03T15:19:42.523" >
        <step title="DeploymentManager.Deploy(id:db9e13d5-bc0c-4c5d-b9c4-1918d6bbb5a2)" date="2025-06-03T15:19:42.572" >
          <step title="Collecting changeset information" date="2025-06-03T15:19:42.644" /><!-- duration: 181ms -->
          <step title="Updating submodules" date="2025-06-03T15:19:42.844" /><!-- duration: 1238ms -->
          <step title="Determining deployment builder" date="2025-06-03T15:19:44.657" >
            <step title="Builder is OneDeployBuilder" date="2025-06-03T15:19:44.707" /><!-- duration: 27ms -->
          </step><!-- duration: 95ms -->
          <step title="PreDeployment: context.CleanOutputPath False" date="2025-06-03T15:19:44.901" >
            <step title="PreDeployment: context.OutputPath /home/site/wwwroot" date="2025-06-03T15:19:45.167" >
              <step title="Building" date="2025-06-03T15:19:45.419" >
                <step title="Executing external process" date="2025-06-03T15:19:46.165" type="process" path="starter.sh" arguments="/opt/Kudu/Scripts/parallel_rsync.sh /tmp/zipdeploy/extracted /home/site/wwwroot 8 /tmp/ False False  " /><!-- duration: 3284ms -->
                <step title="Modified file to trigger a restart of the app container." date="2025-06-03T15:19:50.514" /><!-- duration: 10ms -->
                <step title="Skip function trigger and logicapp sync because function is not enabled." date="2025-06-03T15:19:50.543" /><!-- duration: 32ms -->
                <step title="Purge deployment items" date="2025-06-03T15:19:52.207" >
                  <step title="Remove 8141339a-, Success, received at 06/03/2025 02:51:56" date="2025-06-03T15:19:52.338" /><!-- duration: 10ms -->
                </step><!-- duration: 143ms -->
              </step><!-- duration: 7030ms -->
            </step><!-- duration: 7284ms -->
            <step title="Cleaning up temp files" date="2025-06-03T15:19:52.459" /><!-- duration: 19ms -->
            <step title="Cleaning up temp files" date="2025-06-03T15:19:52.480" /><!-- duration: 514ms -->
            <step title="Reloading status file with latest updates" date="2025-06-03T15:19:53.076" >
              <step title="WebHooksManager.PublishEventAsync: PostDeployment" date="2025-06-03T15:19:53.104" /><!-- duration: 251ms -->
            </step><!-- duration: 288ms -->
            <step title="Cleaning up temporary deployment - fetch deployment was successful" date="2025-06-03T15:19:53.378" /><!-- duration: 9ms -->
          </step><!-- duration: 8626ms -->
        </step><!-- duration: 10983ms -->
        <step title="Outgoing response" date="2025-06-03T15:19:53.577" type="response" statusCode="200" statusText="OK" /><!-- duration: 9ms -->
      </step><!-- duration: 11071ms -->
