<step title="Incoming Request" date="2025-06-03T12:47:44.098" instance="81c6b4" url="/api/publish?type=zip" method="POST" type="request" pid="768,1,33" Accept="*/*" Host="webapp-els-crm-1748900322.scm.azurewebsites.net" User-Agent="AZURECLI/2.73.0 (HOMEBREW)" Accept-Encoding="gzip, deflate" Authorization="Bas..." Cache-Control="no-cache" Content-Type="application/octet-stream" Cookie="ARRAffinity=81c6b43bcb7aea592e620086200b3ab40b78857d08aa07e29c330415afa10cf8; ARRAffinitySameSite=81c6b43bcb7aea592e620086200b3ab40b78857d08aa07e29c330415afa10cf8" Content-Length="53316" x-ms-client-request-id="eb8913e0-4078-11f0-ab7d-6681aebc0c60" x-ms-artifact-checksum="c093ad7f7290ff987644794d9dcdd9a31df1735839abbf003e92f058eac6aeab" X-ARR-LOG-ID="eb8913e0-4078-11f0-ab7d-6681aebc0c60" CLIENT-IP="99.233.15.57:50884" X-SITE-DEPLOYMENT-ID="webapp-els-crm-1748900322" WAS-DEFAULT-HOSTNAME="webapp-els-crm-1748900322.scm.azurewebsites.net" X-Forwarded-Proto="https" X-AppService-Proto="https" X-Forwarded-TlsVersion="1.3" X-WAWS-Unencoded-URL="/api/publish?type=zip" X-Client-IP="99.233.15.57" X-Client-Port="50884" >
  <step title="OneDeploy" date="2025-06-03T12:47:44.141" >
    <step title="Starting PushDeployAsync" date="2025-06-03T12:47:44.151" /><!-- duration: 12ms -->
    <step title="Writing artifact to /tmp/zipdeploy/dcdb7360-9bec-4550-8396-6c5756362b71.zip" date="2025-06-03T12:47:44.211" >
      <step title="Writing multipart request body to /tmp/zipdeploy/dcdb7360-9bec-4550-8396-6c5756362b71.zip" date="2025-06-03T12:47:44.220" /><!-- duration: 18ms -->
    </step><!-- duration: 80ms -->
    <step title="Attempting to fetch target branch HEAD" date="2025-06-03T12:47:44.312" /><!-- duration: 18ms -->
    <step title="Acquiring Deployment Lock" date="2025-06-03T12:47:44.349" /><!-- duration: 3ms -->
    <step title="Acquired Deployment Lock" date="2025-06-03T12:47:44.374" /><!-- duration: 3ms -->
    <step title="Performing fetch based deployment" date="2025-06-03T12:47:44.382" >
      <step title="Creating temporary deployment" date="2025-06-03T12:47:44.393" /><!-- duration: 43ms -->
      <step title="Releasing Deployment Lock" date="2025-06-03T12:47:45.644" /><!-- duration: 6ms -->
      <step title="Cleaning up temp folders from previous zip deployments and extracting pushed zip file /tmp/zipdeploy/dcdb7360-9bec-4550-8396-6c5756362b71.zip (0.05 MB) to /tmp/zipdeploy/extracted" date="2025-06-03T12:47:45.674" >
        <step title="ChmodRecursive Process exited with total time taken in ms: 51" date="2025-06-03T12:47:45.833" /><!-- duration: 9ms -->
      </step><!-- duration: 178ms -->
      <step title="None repository commit" date="2025-06-03T12:47:45.872" >
        <step title="Commit id: f41f393d-1426-4ca7-84d9-b8366ed0acb7" date="2025-06-03T12:47:45.880" Message="OneDeploy" AuthorName="N/A" AuthorEmail="N/A" /><!-- duration: 2ms -->
      </step><!-- duration: 12ms -->
      <step title="Deployment timer started" date="2025-06-03T12:47:47.887" >
        <step title="DeploymentManager.Deploy(id:f41f393d-1426-4ca7-84d9-b8366ed0acb7)" date="2025-06-03T12:47:47.893" >
          <step title="Collecting changeset information" date="2025-06-03T12:47:47.916" /><!-- duration: 60ms -->
          <step title="Updating submodules" date="2025-06-03T12:47:47.980" /><!-- duration: 1075ms -->
          <step title="Determining deployment builder" date="2025-06-03T12:47:49.188" >
            <step title="Builder is OneDeployBuilder" date="2025-06-03T12:47:49.200" /><!-- duration: 2ms -->
          </step><!-- duration: 17ms -->
          <step title="PreDeployment: context.CleanOutputPath False" date="2025-06-03T12:47:49.250" >
            <step title="PreDeployment: context.OutputPath /home/site/wwwroot" date="2025-06-03T12:47:49.331" >
              <step title="Building" date="2025-06-03T12:47:49.416" >
                <step title="Modified file to trigger a restart of the app container." date="2025-06-03T12:47:51.288" /><!-- duration: 3ms -->
                <step title="Skip function trigger and logicapp sync because function is not enabled." date="2025-06-03T12:47:51.294" /><!-- duration: 3ms -->
              </step><!-- duration: 2547ms -->
            </step><!-- duration: 2641ms -->
            <step title="Cleaning up temp files" date="2025-06-03T12:47:51.981" /><!-- duration: 9ms -->
            <step title="Cleaning up temp files" date="2025-06-03T12:47:51.993" /><!-- duration: 511ms -->
            <step title="Reloading status file with latest updates" date="2025-06-03T12:47:52.536" >
              <step title="WebHooksManager.PublishEventAsync: PostDeployment" date="2025-06-03T12:47:52.538" /><!-- duration: 24ms -->
            </step><!-- duration: 28ms -->
            <step title="Cleaning up temporary deployment - fetch deployment was successful" date="2025-06-03T12:47:52.567" /><!-- duration: 1ms -->
          </step><!-- duration: 3376ms -->
        </step><!-- duration: 4735ms -->
        <step title="Outgoing response" date="2025-06-03T12:47:52.631" type="response" statusCode="200" statusText="OK" /><!-- duration: 2ms -->
      </step><!-- duration: 4748ms -->
