<step title="BackgroundTrace" date="2025-06-03T02:12:34.362" instance="81c6b4" url="/api/zipdeploy" method="POST" >
  <step title="Creating temporary deployment - FetchDeploymentManager" date="2025-06-03T02:12:34.456" /><!-- duration: 6ms -->
  <step title="Creating temporary deployment" date="2025-06-03T02:12:34.464" /><!-- duration: 54ms -->
  <step title="Performing fetch based deployment" date="2025-06-03T02:12:34.663" >
    <step title="Cleaning up temp folders from previous zip deployments and extracting pushed zip file /tmp/zipdeploy/d624bb0b-08c2-4053-aa50-b6f218c769e0.zip (0.04 MB) to /tmp/zipdeploy/extracted" date="2025-06-03T02:12:35.779" >
      <step title="ChmodRecursive Process exited with total time taken in ms: 70" date="2025-06-03T02:12:35.883" /><!-- duration: 9ms -->
    </step><!-- duration: 122ms -->
    <step title="Deployment timer started" date="2025-06-03T02:12:37.912" >
      <step title="DeploymentManager.Deploy(id:cc4a1394-ece2-41a6-bf63-1d376f897fbc)" date="2025-06-03T02:12:37.931" >
        <step title="Collecting changeset information" date="2025-06-03T02:12:37.951" /><!-- duration: 63ms -->
        <step title="Updating submodules" date="2025-06-03T02:12:38.019" /><!-- duration: 1066ms -->
        <step title="Determining deployment builder" date="2025-06-03T02:12:39.218" >
          <step title="Builder is BasicBuilder" date="2025-06-03T02:12:39.225" /><!-- duration: 2ms -->
        </step><!-- duration: 11ms -->
        <step title="PreDeployment: context.CleanOutputPath False" date="2025-06-03T02:12:39.252" >
          <step title="PreDeployment: context.OutputPath /home/site/wwwroot" date="2025-06-03T02:12:39.311" >
            <step title="Building" date="2025-06-03T02:12:39.407" >
              <step title="Executing external process" date="2025-06-03T02:12:39.572" type="process" path="starter.sh" arguments="/opt/Kudu/Scripts/parallel_rsync.sh /tmp/zipdeploy/extracted /home/site/wwwroot 8 /tmp/ False True  " /><!-- duration: 2212ms -->
              <step title="Triggering recycle (preview mode disabled)." date="2025-06-03T02:12:42.009" /><!-- duration: 2ms -->
              <step title="Modified file to trigger a restart of the app container." date="2025-06-03T02:12:42.027" /><!-- duration: 10ms -->
              <step title="Skip function trigger and logicapp sync because function is not enabled." date="2025-06-03T02:12:42.040" /><!-- duration: 2ms -->
            </step><!-- duration: 3201ms -->
          </step><!-- duration: 3300ms -->
          <step title="Cleaning up temp files" date="2025-06-03T02:12:42.614" /><!-- duration: 5ms -->
          <step title="Cleaning up temp files" date="2025-06-03T02:12:42.621" /><!-- duration: 504ms -->
          <step title="Reloading status file with latest updates" date="2025-06-03T02:12:43.147" >
            <step title="WebHooksManager.PublishEventAsync: PostDeployment" date="2025-06-03T02:12:43.151" /><!-- duration: 128ms -->
          </step><!-- duration: 141ms -->
          <step title="Cleaning up temporary deployment - fetch deployment was successful" date="2025-06-03T02:12:43.292" /><!-- duration: 2ms -->
        </step><!-- duration: 4120ms -->
      </step><!-- duration: 5453ms -->
