<step title="BackgroundTrace" date="2025-06-03T13:47:44.849" instance="81c6b4" url="/api/zipdeploy" method="POST" >
  <step title="Creating temporary deployment - FetchDeploymentManager" date="2025-06-03T13:47:44.932" /><!-- duration: 2ms -->
  <step title="Creating temporary deployment" date="2025-06-03T13:47:44.941" /><!-- duration: 290ms -->
  <step title="Performing fetch based deployment" date="2025-06-03T13:47:45.282" >
    <step title="Cleaning up temp folders from previous zip deployments and extracting pushed zip file /tmp/zipdeploy/80e1f6ba-2b86-4c94-9700-ba4f6436adb9.zip (0.05 MB) to /tmp/zipdeploy/extracted" date="2025-06-03T13:47:46.419" >
      <step title="ChmodRecursive Process exited with total time taken in ms: 60" date="2025-06-03T13:47:46.556" /><!-- duration: 2ms -->
    </step><!-- duration: 148ms -->
    <step title="Deployment timer started" date="2025-06-03T13:47:48.590" >
      <step title="DeploymentManager.Deploy(id:7589a73d-3039-4b1e-b611-be3bdf4803f3)" date="2025-06-03T13:47:48.606" >
        <step title="Collecting changeset information" date="2025-06-03T13:47:48.646" /><!-- duration: 83ms -->
        <step title="Updating submodules" date="2025-06-03T13:47:48.733" /><!-- duration: 1106ms -->
        <step title="Determining deployment builder" date="2025-06-03T13:47:49.970" >
          <step title="Builder is BasicBuilder" date="2025-06-03T13:47:49.993" /><!-- duration: 2ms -->
        </step><!-- duration: 26ms -->
        <step title="PreDeployment: context.CleanOutputPath False" date="2025-06-03T13:47:50.028" >
          <step title="PreDeployment: context.OutputPath /home/site/wwwroot" date="2025-06-03T13:47:50.115" >
            <step title="Building" date="2025-06-03T13:47:50.196" >
              <step title="Executing external process" date="2025-06-03T13:47:50.858" type="process" path="starter.sh" arguments="/opt/Kudu/Scripts/parallel_rsync.sh /tmp/zipdeploy/extracted /home/site/wwwroot 8 /tmp/ False True  " /><!-- duration: 4685ms -->
              <step title="Triggering recycle (preview mode disabled)." date="2025-06-03T13:47:55.749" /><!-- duration: 6ms -->
              <step title="Modified file to trigger a restart of the app container." date="2025-06-03T13:47:55.804" /><!-- duration: 10ms -->
              <step title="Skip function trigger and logicapp sync because function is not enabled." date="2025-06-03T13:47:55.833" /><!-- duration: 2ms -->
            </step><!-- duration: 6307ms -->
          </step><!-- duration: 6391ms -->
          <step title="Cleaning up temp files" date="2025-06-03T13:47:56.508" /><!-- duration: 7ms -->
          <step title="Cleaning up temp files" date="2025-06-03T13:47:56.524" /><!-- duration: 515ms -->
          <step title="Reloading status file with latest updates" date="2025-06-03T13:47:57.057" >
            <step title="WebHooksManager.PublishEventAsync: PostDeployment" date="2025-06-03T13:47:57.064" /><!-- duration: 34ms -->
          </step><!-- duration: 50ms -->
          <step title="Cleaning up temporary deployment - fetch deployment was successful" date="2025-06-03T13:47:57.117" /><!-- duration: 7ms -->
        </step><!-- duration: 7162ms -->
      </step><!-- duration: 8595ms -->
