<step title="Incoming Request" date="2025-06-03T12:59:13.317" instance="81c6b4" url="/api/publish?type=zip" method="POST" type="request" pid="767,1,20" Accept="*/*" Host="webapp-els-crm-1748900322.scm.azurewebsites.net" User-Agent="AZURECLI/2.73.0 (HOMEBREW)" Accept-Encoding="gzip, deflate" Authorization="Bas..." Cache-Control="no-cache" Content-Type="application/octet-stream" Cookie="ARRAffinity=81c6b43bcb7aea592e620086200b3ab40b78857d08aa07e29c330415afa10cf8; ARRAffinitySameSite=81c6b43bcb7aea592e620086200b3ab40b78857d08aa07e29c330415afa10cf8" Content-Length="53350" x-ms-client-request-id="868e3d06-407a-11f0-b9c2-6681aebc0c60" x-ms-artifact-checksum="4387c42a7d24a4fbbb6b2b3b17d9127b727254fc793b92f15a5b506e11e1851b" X-ARR-LOG-ID="868e3d06-407a-11f0-b9c2-6681aebc0c60" CLIENT-IP="99.233.15.57:53258" X-SITE-DEPLOYMENT-ID="webapp-els-crm-1748900322" WAS-DEFAULT-HOSTNAME="webapp-els-crm-1748900322.scm.azurewebsites.net" X-Forwarded-Proto="https" X-AppService-Proto="https" X-Forwarded-TlsVersion="1.3" X-WAWS-Unencoded-URL="/api/publish?type=zip" X-Client-IP="99.233.15.57" X-Client-Port="53258" >
  <step title="OneDeploy" date="2025-06-03T12:59:13.569" >
    <step title="None repository commit" date="2025-06-03T12:59:13.589" >
      <step title="Commit id: 146f979a-859e-4cf0-9c22-8baae363c947" date="2025-06-03T12:59:13.591" Message="N/A" AuthorName="N/A" AuthorEmail="N/A" /><!-- duration: 2ms -->
    </step><!-- duration: 5ms -->
    <step title="Starting PushDeployAsync" date="2025-06-03T12:59:13.598" /><!-- duration: 2ms -->
    <step title="Writing artifact to /tmp/zipdeploy/42b618a1-09ab-4d8d-b50e-a18bb0356fd1.zip" date="2025-06-03T12:59:13.620" >
      <step title="Writing multipart request body to /tmp/zipdeploy/42b618a1-09ab-4d8d-b50e-a18bb0356fd1.zip" date="2025-06-03T12:59:13.639" /><!-- duration: 19ms -->
    </step><!-- duration: 169ms -->
    <step title="Attempting to fetch target branch HEAD" date="2025-06-03T12:59:13.796" /><!-- duration: 5ms -->
    <step title="Acquiring Deployment Lock" date="2025-06-03T12:59:13.809" /><!-- duration: 2ms -->
    <step title="Acquired Deployment Lock" date="2025-06-03T12:59:14.024" /><!-- duration: 2ms -->
    <step title="Performing fetch based deployment" date="2025-06-03T12:59:14.034" >
      <step title="Creating temporary deployment" date="2025-06-03T12:59:14.042" /><!-- duration: 50ms -->
      <step title="Releasing Deployment Lock" date="2025-06-03T12:59:15.234" /><!-- duration: 11ms -->
      <step title="Cleaning up temp folders from previous zip deployments and extracting pushed zip file /tmp/zipdeploy/42b618a1-09ab-4d8d-b50e-a18bb0356fd1.zip (0.05 MB) to /tmp/zipdeploy/extracted" date="2025-06-03T12:59:15.266" >
        <step title="ChmodRecursive Process exited with total time taken in ms: 89" date="2025-06-03T12:59:15.426" /><!-- duration: 10ms -->
      </step><!-- duration: 189ms -->
      <step title="None repository commit" date="2025-06-03T12:59:15.458" >
        <step title="Commit id: 146f979a-859e-4cf0-9c22-8baae363c947" date="2025-06-03T12:59:15.466" Message="OneDeploy" AuthorName="N/A" AuthorEmail="N/A" /><!-- duration: 2ms -->
      </step><!-- duration: 12ms -->
      <step title="Deployment timer started" date="2025-06-03T12:59:17.474" >
        <step title="DeploymentManager.Deploy(id:146f979a-859e-4cf0-9c22-8baae363c947)" date="2025-06-03T12:59:17.484" >
          <step title="Collecting changeset information" date="2025-06-03T12:59:17.512" /><!-- duration: 65ms -->
          <step title="Updating submodules" date="2025-06-03T12:59:17.581" /><!-- duration: 1087ms -->
          <step title="Determining deployment builder" date="2025-06-03T12:59:18.845" >
            <step title="Builder is OneDeployBuilder" date="2025-06-03T12:59:18.866" /><!-- duration: 2ms -->
          </step><!-- duration: 24ms -->
          <step title="PreDeployment: context.CleanOutputPath False" date="2025-06-03T12:59:18.900" >
            <step title="PreDeployment: context.OutputPath /home/site/wwwroot" date="2025-06-03T12:59:18.987" >
              <step title="Building" date="2025-06-03T12:59:19.067" >
                <step title="Modified file to trigger a restart of the app container." date="2025-06-03T12:59:21.123" /><!-- duration: 3ms -->
                <step title="Skip function trigger and logicapp sync because function is not enabled." date="2025-06-03T12:59:21.131" /><!-- duration: 2ms -->
              </step><!-- duration: 2683ms -->
            </step><!-- duration: 2767ms -->
            <step title="Cleaning up temp files" date="2025-06-03T12:59:21.756" /><!-- duration: 7ms -->
            <step title="Cleaning up temp files" date="2025-06-03T12:59:21.766" /><!-- duration: 512ms -->
            <step title="Reloading status file with latest updates" date="2025-06-03T12:59:22.294" >
              <step title="WebHooksManager.PublishEventAsync: PostDeployment" date="2025-06-03T12:59:22.307" /><!-- duration: 65ms -->
            </step><!-- duration: 80ms -->
            <step title="Cleaning up temporary deployment - fetch deployment was successful" date="2025-06-03T12:59:22.378" /><!-- duration: 2ms -->
          </step><!-- duration: 3531ms -->
        </step><!-- duration: 4952ms -->
        <step title="Outgoing response" date="2025-06-03T12:59:22.450" type="response" statusCode="200" statusText="OK" /><!-- duration: 2ms -->
      </step><!-- duration: 4980ms -->
