<step title="Incoming Request" date="2025-06-03T13:13:40.453" instance="81c6b4" url="/api/publish?type=zip" method="POST" type="request" pid="767,1,19" Accept="*/*" Host="webapp-els-crm-1748900322.scm.azurewebsites.net" User-Agent="AZURECLI/2.73.0 (HOMEBREW)" Accept-Encoding="gzip, deflate" Authorization="Bas..." Cache-Control="no-cache" Content-Type="application/octet-stream" Cookie="ARRAffinity=81c6b43bcb7aea592e620086200b3ab40b78857d08aa07e29c330415afa10cf8; ARRAffinitySameSite=81c6b43bcb7aea592e620086200b3ab40b78857d08aa07e29c330415afa10cf8" Content-Length="52887" x-ms-client-request-id="8c545480-407c-11f0-bd00-6681aebc0c60" x-ms-artifact-checksum="c9d8f65f29486e8af7fe2cd055971da90f0d58797add98ef315712f4e3a440a9" X-ARR-LOG-ID="8c545480-407c-11f0-bd00-6681aebc0c60" CLIENT-IP="99.233.15.57:55703" X-SITE-DEPLOYMENT-ID="webapp-els-crm-1748900322" WAS-DEFAULT-HOSTNAME="webapp-els-crm-1748900322.scm.azurewebsites.net" X-Forwarded-Proto="https" X-AppService-Proto="https" X-Forwarded-TlsVersion="1.3" X-WAWS-Unencoded-URL="/api/publish?type=zip" X-Client-IP="99.233.15.57" X-Client-Port="55703" >
  <step title="OneDeploy" date="2025-06-03T13:13:40.485" >
    <step title="Starting PushDeployAsync" date="2025-06-03T13:13:40.505" /><!-- duration: 9ms -->
    <step title="Writing artifact to /tmp/zipdeploy/949b2a01-c5d1-4fb5-aaf9-b9b7c83fff7a.zip" date="2025-06-03T13:13:40.535" >
      <step title="Writing multipart request body to /tmp/zipdeploy/949b2a01-c5d1-4fb5-aaf9-b9b7c83fff7a.zip" date="2025-06-03T13:13:40.544" /><!-- duration: 11ms -->
    </step><!-- duration: 60ms -->
    <step title="Attempting to fetch target branch HEAD" date="2025-06-03T13:13:40.609" /><!-- duration: 2ms -->
    <step title="Acquiring Deployment Lock" date="2025-06-03T13:13:40.617" /><!-- duration: 2ms -->
    <step title="Acquired Deployment Lock" date="2025-06-03T13:13:40.640" /><!-- duration: 3ms -->
    <step title="Performing fetch based deployment" date="2025-06-03T13:13:40.648" >
      <step title="Creating temporary deployment" date="2025-06-03T13:13:40.651" /><!-- duration: 50ms -->
      <step title="Releasing Deployment Lock" date="2025-06-03T13:13:41.850" /><!-- duration: 6ms -->
      <step title="Cleaning up temp folders from previous zip deployments and extracting pushed zip file /tmp/zipdeploy/949b2a01-c5d1-4fb5-aaf9-b9b7c83fff7a.zip (0.05 MB) to /tmp/zipdeploy/extracted" date="2025-06-03T13:13:41.873" >
        <step title="ChmodRecursive Process exited with total time taken in ms: 61" date="2025-06-03T13:13:42.019" /><!-- duration: 9ms -->
      </step><!-- duration: 165ms -->
      <step title="None repository commit" date="2025-06-03T13:13:42.056" >
        <step title="Commit id: f83e39ff-f4de-414c-abd2-874768f9feb9" date="2025-06-03T13:13:42.058" Message="OneDeploy" AuthorName="N/A" AuthorEmail="N/A" /><!-- duration: 9ms -->
      </step><!-- duration: 12ms -->
      <step title="Deployment timer started" date="2025-06-03T13:13:44.071" >
        <step title="DeploymentManager.Deploy(id:f83e39ff-f4de-414c-abd2-874768f9feb9)" date="2025-06-03T13:13:44.082" >
          <step title="Collecting changeset information" date="2025-06-03T13:13:44.123" /><!-- duration: 150ms -->
          <step title="Updating submodules" date="2025-06-03T13:13:44.284" /><!-- duration: 1140ms -->
          <step title="Determining deployment builder" date="2025-06-03T13:13:45.685" >
            <step title="Builder is OneDeployBuilder" date="2025-06-03T13:13:45.706" /><!-- duration: 19ms -->
          </step><!-- duration: 50ms -->
          <step title="PreDeployment: context.CleanOutputPath False" date="2025-06-03T13:13:45.787" >
            <step title="PreDeployment: context.OutputPath /home/site/wwwroot" date="2025-06-03T13:13:45.908" >
              <step title="Building" date="2025-06-03T13:13:46.002" >
                <step title="Modified file to trigger a restart of the app container." date="2025-06-03T13:13:47.932" /><!-- duration: 2ms -->
                <step title="Skip function trigger and logicapp sync because function is not enabled." date="2025-06-03T13:13:47.946" /><!-- duration: 3ms -->
              </step><!-- duration: 2553ms -->
            </step><!-- duration: 2652ms -->
            <step title="Cleaning up temp files" date="2025-06-03T13:13:48.562" /><!-- duration: 5ms -->
            <step title="Cleaning up temp files" date="2025-06-03T13:13:48.569" /><!-- duration: 504ms -->
            <step title="Reloading status file with latest updates" date="2025-06-03T13:13:49.097" >
              <step title="WebHooksManager.PublishEventAsync: PostDeployment" date="2025-06-03T13:13:49.105" /><!-- duration: 21ms -->
            </step><!-- duration: 32ms -->
            <step title="Cleaning up temporary deployment - fetch deployment was successful" date="2025-06-03T13:13:49.132" /><!-- duration: 1ms -->
          </step><!-- duration: 3400ms -->
        </step><!-- duration: 5108ms -->
        <step title="Outgoing response" date="2025-06-03T13:13:49.192" type="response" statusCode="200" statusText="OK" /><!-- duration: 2ms -->
      </step><!-- duration: 5124ms -->
