<step title="Incoming Request" date="2025-06-03T13:20:28.002" instance="81c6b4" url="/api/publish?type=zip" method="POST" type="request" pid="767,1,29" Accept="*/*" Host="webapp-els-crm-1748900322.scm.azurewebsites.net" User-Agent="AZURECLI/2.73.0 (HOMEBREW)" Accept-Encoding="gzip, deflate" Authorization="Bas..." Cache-Control="no-cache" Content-Type="application/octet-stream" Cookie="ARRAffinity=81c6b43bcb7aea592e620086200b3ab40b78857d08aa07e29c330415afa10cf8; ARRAffinitySameSite=81c6b43bcb7aea592e620086200b3ab40b78857d08aa07e29c330415afa10cf8" Content-Length="1012" x-ms-client-request-id="7e8890ae-407d-11f0-b31c-6681aebc0c60" x-ms-artifact-checksum="57cf10322393e7c23fbd1e750287872cf6d791e8fc088b60c17bb7c637cbc56d" X-ARR-LOG-ID="7e8890ae-407d-11f0-b31c-6681aebc0c60" CLIENT-IP="99.233.15.57:56021" X-SITE-DEPLOYMENT-ID="webapp-els-crm-1748900322" WAS-DEFAULT-HOSTNAME="webapp-els-crm-1748900322.scm.azurewebsites.net" X-Forwarded-Proto="https" X-AppService-Proto="https" X-Forwarded-TlsVersion="1.3" X-WAWS-Unencoded-URL="/api/publish?type=zip" X-Client-IP="99.233.15.57" X-Client-Port="56021" >
  <step title="OneDeploy" date="2025-06-03T13:20:28.022" >
    <step title="Starting PushDeployAsync" date="2025-06-03T13:20:28.034" /><!-- duration: 8ms -->
    <step title="Writing artifact to /tmp/zipdeploy/b674e0a5-2e87-406b-95af-30e626e59ad5.zip" date="2025-06-03T13:20:28.072" >
      <step title="Writing multipart request body to /tmp/zipdeploy/b674e0a5-2e87-406b-95af-30e626e59ad5.zip" date="2025-06-03T13:20:28.081" /><!-- duration: 2ms -->
    </step><!-- duration: 51ms -->
    <step title="Attempting to fetch target branch HEAD" date="2025-06-03T13:20:28.144" /><!-- duration: 8ms -->
    <step title="Acquiring Deployment Lock" date="2025-06-03T13:20:28.162" /><!-- duration: 2ms -->
    <step title="Acquired Deployment Lock" date="2025-06-03T13:20:28.212" /><!-- duration: 9ms -->
    <step title="Performing fetch based deployment" date="2025-06-03T13:20:28.230" >
      <step title="Creating temporary deployment" date="2025-06-03T13:20:28.238" /><!-- duration: 84ms -->
      <step title="Releasing Deployment Lock" date="2025-06-03T13:20:29.413" /><!-- duration: 5ms -->
      <step title="Cleaning up temp folders from previous zip deployments and extracting pushed zip file /tmp/zipdeploy/b674e0a5-2e87-406b-95af-30e626e59ad5.zip (0.00 MB) to /tmp/zipdeploy/extracted" date="2025-06-03T13:20:29.439" >
        <step title="ChmodRecursive Process exited with total time taken in ms: 62" date="2025-06-03T13:20:29.541" /><!-- duration: 10ms -->
      </step><!-- duration: 121ms -->
      <step title="None repository commit" date="2025-06-03T13:20:29.571" >
        <step title="Commit id: 7e381abc-0c14-4551-847e-4e03512789ff" date="2025-06-03T13:20:29.579" Message="OneDeploy" AuthorName="N/A" AuthorEmail="N/A" /><!-- duration: 1ms -->
      </step><!-- duration: 19ms -->
      <step title="Deployment timer started" date="2025-06-03T13:20:31.591" >
        <step title="DeploymentManager.Deploy(id:7e381abc-0c14-4551-847e-4e03512789ff)" date="2025-06-03T13:20:31.596" >
          <step title="Collecting changeset information" date="2025-06-03T13:20:31.609" /><!-- duration: 81ms -->
          <step title="Updating submodules" date="2025-06-03T13:20:31.695" /><!-- duration: 1091ms -->
          <step title="Determining deployment builder" date="2025-06-03T13:20:32.944" >
            <step title="Builder is OneDeployBuilder" date="2025-06-03T13:20:32.957" /><!-- duration: 2ms -->
          </step><!-- duration: 17ms -->
          <step title="PreDeployment: context.CleanOutputPath False" date="2025-06-03T13:20:32.989" >
            <step title="PreDeployment: context.OutputPath /home/site/wwwroot" date="2025-06-03T13:20:33.060" >
              <step title="Building" date="2025-06-03T13:20:33.142" >
                <step title="Modified file to trigger a restart of the app container." date="2025-06-03T13:20:33.734" /><!-- duration: 2ms -->
                <step title="Skip function trigger and logicapp sync because function is not enabled." date="2025-06-03T13:20:33.737" /><!-- duration: 2ms -->
              </step><!-- duration: 1228ms -->
            </step><!-- duration: 1313ms -->
            <step title="Cleaning up temp files" date="2025-06-03T13:20:34.375" /><!-- duration: 5ms -->
            <step title="Cleaning up temp files" date="2025-06-03T13:20:34.383" /><!-- duration: 504ms -->
            <step title="Reloading status file with latest updates" date="2025-06-03T13:20:34.922" >
              <step title="WebHooksManager.PublishEventAsync: PostDeployment" date="2025-06-03T13:20:34.924" /><!-- duration: 20ms -->
            </step><!-- duration: 24ms -->
            <step title="Cleaning up temporary deployment - fetch deployment was successful" date="2025-06-03T13:20:34.949" /><!-- duration: 2ms -->
          </step><!-- duration: 2014ms -->
        </step><!-- duration: 3410ms -->
        <step title="Outgoing response" date="2025-06-03T13:20:35.008" type="response" statusCode="200" statusText="OK" /><!-- duration: 2ms -->
      </step><!-- duration: 3420ms -->
