<step title="BackgroundTrace" date="2025-06-03T02:51:52.288" instance="81c6b4" url="/api/zipdeploy" method="POST" >
  <step title="Creating temporary deployment - FetchDeploymentManager" date="2025-06-03T02:51:52.470" /><!-- duration: 9ms -->
  <step title="Creating temporary deployment" date="2025-06-03T02:51:52.498" /><!-- duration: 111ms -->
  <step title="Performing fetch based deployment" date="2025-06-03T02:51:52.674" >
    <step title="Cleaning up temp folders from previous zip deployments and extracting pushed zip file /tmp/zipdeploy/fee2f241-03a3-43d1-a932-ed0adfd5ba9b.zip (0.05 MB) to /tmp/zipdeploy/extracted" date="2025-06-03T02:51:53.851" >
      <step title="ChmodRecursive Process exited with total time taken in ms: 123" date="2025-06-03T02:51:54.063" /><!-- duration: 10ms -->
    </step><!-- duration: 240ms -->
    <step title="Deployment timer started" date="2025-06-03T02:51:56.128" >
      <step title="DeploymentManager.Deploy(id:8141339a-3e02-486c-9e52-1adcd7013498)" date="2025-06-03T02:51:56.158" >
        <step title="Collecting changeset information" date="2025-06-03T02:51:56.180" /><!-- duration: 99ms -->
        <step title="Updating submodules" date="2025-06-03T02:51:56.282" /><!-- duration: 1072ms -->
        <step title="Determining deployment builder" date="2025-06-03T02:51:57.519" >
          <step title="Builder is BasicBuilder" date="2025-06-03T02:51:57.537" /><!-- duration: 8ms -->
        </step><!-- duration: 28ms -->
        <step title="PreDeployment: context.CleanOutputPath False" date="2025-06-03T02:51:57.625" >
          <step title="PreDeployment: context.OutputPath /home/site/wwwroot" date="2025-06-03T02:51:57.698" >
            <step title="Building" date="2025-06-03T02:51:57.793" >
              <step title="Generating deployment script" date="2025-06-03T02:51:57.859" >
                <step title="Executing external process" date="2025-06-03T02:51:57.933" type="process" path="starter.sh" arguments="&quot;/opt/Kudu/node_modules/.bin/kuduscript&quot; -y --no-dot-deployment -r &quot;/tmp/zipdeploy/extracted&quot; -o &quot;/home/site/deployments/tools&quot; --basic --sitePath &quot;/tmp/zipdeploy/extracted&quot;" /><!-- duration: 693ms -->
                <step title="Saved cached version of the deployment script for command -y --no-dot-deployment -r &quot;/tmp/zipdeploy/extracted&quot; -o &quot;/home/site/deployments/tools&quot; --basic --sitePath &quot;/tmp/zipdeploy/extracted&quot;" date="2025-06-03T02:51:59.003" /><!-- duration: 2ms -->
              </step><!-- duration: 1152ms -->
              <step title="Executing external process" date="2025-06-03T02:51:59.118" type="process" path="starter.sh" arguments="&quot;/home/site/deployments/tools/deploy.sh&quot;" /><!-- duration: 1430ms -->
              <step title="Triggering recycle (preview mode disabled)." date="2025-06-03T02:52:00.981" /><!-- duration: 3ms -->
              <step title="Modified file to trigger a restart of the app container." date="2025-06-03T02:52:01.001" /><!-- duration: 8ms -->
              <step title="Skip function trigger and logicapp sync because function is not enabled." date="2025-06-03T02:52:01.029" /><!-- duration: 3ms -->
            </step><!-- duration: 4195ms -->
          </step><!-- duration: 4302ms -->
          <step title="Cleaning up temp files" date="2025-06-03T02:52:02.018" /><!-- duration: 42ms -->
          <step title="Cleaning up temp files" date="2025-06-03T02:52:02.078" /><!-- duration: 624ms -->
          <step title="Reloading status file with latest updates" date="2025-06-03T02:52:02.754" >
            <step title="WebHooksManager.PublishEventAsync: PostDeployment" date="2025-06-03T02:52:02.773" /><!-- duration: 200ms -->
          </step><!-- duration: 222ms -->
          <step title="Cleaning up temporary deployment - fetch deployment was successful" date="2025-06-03T02:52:03.006" /><!-- duration: 18ms -->
        </step><!-- duration: 5541ms -->
      </step><!-- duration: 7049ms -->
