<step title="Incoming Request" date="2025-06-03T13:06:15.469" instance="81c6b4" url="/api/publish?type=zip" method="POST" type="request" pid="767,1,15" Accept="*/*" Host="webapp-els-crm-1748900322.scm.azurewebsites.net" User-Agent="AZURECLI/2.73.0 (HOMEBREW)" Accept-Encoding="gzip, deflate" Authorization="Bas..." Cache-Control="no-cache" Content-Type="application/octet-stream" Cookie="ARRAffinity=81c6b43bcb7aea592e620086200b3ab40b78857d08aa07e29c330415afa10cf8; ARRAffinitySameSite=81c6b43bcb7aea592e620086200b3ab40b78857d08aa07e29c330415afa10cf8" Content-Length="53398" x-ms-client-request-id="824ae1b2-407b-11f0-8acb-6681aebc0c60" x-ms-artifact-checksum="eadc0615b320f106ee23cafe46a10d5d0b94c341a59e6faccd0fd4aeffc34a4b" X-ARR-LOG-ID="824ae1b2-407b-11f0-8acb-6681aebc0c60" CLIENT-IP="99.233.15.57:53550" X-SITE-DEPLOYMENT-ID="webapp-els-crm-1748900322" WAS-DEFAULT-HOSTNAME="webapp-els-crm-1748900322.scm.azurewebsites.net" X-Forwarded-Proto="https" X-AppService-Proto="https" X-Forwarded-TlsVersion="1.3" X-WAWS-Unencoded-URL="/api/publish?type=zip" X-Client-IP="99.233.15.57" X-Client-Port="53550" >
  <step title="OneDeploy" date="2025-06-03T13:06:15.475" >
    <step title="Starting PushDeployAsync" date="2025-06-03T13:06:15.484" /><!-- duration: 6ms -->
    <step title="Writing artifact to /tmp/zipdeploy/0310b225-25dc-4d98-9b00-b92d88c951db.zip" date="2025-06-03T13:06:15.502" >
      <step title="Writing multipart request body to /tmp/zipdeploy/0310b225-25dc-4d98-9b00-b92d88c951db.zip" date="2025-06-03T13:06:15.504" /><!-- duration: 6ms -->
    </step><!-- duration: 64ms -->
    <step title="Attempting to fetch target branch HEAD" date="2025-06-03T13:06:15.573" /><!-- duration: 2ms -->
    <step title="Acquiring Deployment Lock" date="2025-06-03T13:06:15.582" /><!-- duration: 2ms -->
    <step title="Acquired Deployment Lock" date="2025-06-03T13:06:15.600" /><!-- duration: 2ms -->
    <step title="Performing fetch based deployment" date="2025-06-03T13:06:15.606" >
      <step title="Creating temporary deployment" date="2025-06-03T13:06:15.613" /><!-- duration: 41ms -->
      <step title="Releasing Deployment Lock" date="2025-06-03T13:06:16.827" /><!-- duration: 8ms -->
      <step title="Cleaning up temp folders from previous zip deployments and extracting pushed zip file /tmp/zipdeploy/0310b225-25dc-4d98-9b00-b92d88c951db.zip (0.05 MB) to /tmp/zipdeploy/extracted" date="2025-06-03T13:06:16.856" >
        <step title="ChmodRecursive Process exited with total time taken in ms: 41" date="2025-06-03T13:06:16.977" /><!-- duration: 9ms -->
      </step><!-- duration: 141ms -->
      <step title="None repository commit" date="2025-06-03T13:06:17.006" >
        <step title="Commit id: 2d55e3fd-be39-4187-99a7-e88371cf7425" date="2025-06-03T13:06:17.008" Message="OneDeploy" AuthorName="N/A" AuthorEmail="N/A" /><!-- duration: 8ms -->
      </step><!-- duration: 12ms -->
      <step title="Deployment timer started" date="2025-06-03T13:06:19.021" >
        <step title="DeploymentManager.Deploy(id:2d55e3fd-be39-4187-99a7-e88371cf7425)" date="2025-06-03T13:06:19.042" >
          <step title="Collecting changeset information" date="2025-06-03T13:06:19.092" /><!-- duration: 87ms -->
          <step title="Updating submodules" date="2025-06-03T13:06:19.183" /><!-- duration: 1101ms -->
          <step title="Determining deployment builder" date="2025-06-03T13:06:20.430" >
            <step title="Builder is OneDeployBuilder" date="2025-06-03T13:06:20.444" /><!-- duration: 2ms -->
          </step><!-- duration: 18ms -->
          <step title="PreDeployment: context.CleanOutputPath False" date="2025-06-03T13:06:20.484" >
            <step title="PreDeployment: context.OutputPath /home/site/wwwroot" date="2025-06-03T13:06:20.637" >
              <step title="Building" date="2025-06-03T13:06:20.760" >
                <step title="Modified file to trigger a restart of the app container." date="2025-06-03T13:06:22.974" /><!-- duration: 2ms -->
                <step title="Skip function trigger and logicapp sync because function is not enabled." date="2025-06-03T13:06:22.979" /><!-- duration: 2ms -->
              </step><!-- duration: 2957ms -->
            </step><!-- duration: 3083ms -->
            <step title="Cleaning up temp files" date="2025-06-03T13:06:23.722" /><!-- duration: 6ms -->
            <step title="Cleaning up temp files" date="2025-06-03T13:06:23.730" /><!-- duration: 503ms -->
            <step title="Reloading status file with latest updates" date="2025-06-03T13:06:24.268" >
              <step title="WebHooksManager.PublishEventAsync: PostDeployment" date="2025-06-03T13:06:24.275" /><!-- duration: 59ms -->
            </step><!-- duration: 68ms -->
            <step title="Cleaning up temporary deployment - fetch deployment was successful" date="2025-06-03T13:06:24.357" /><!-- duration: 8ms -->
          </step><!-- duration: 3983ms -->
        </step><!-- duration: 5436ms -->
        <step title="Outgoing response" date="2025-06-03T13:06:24.487" type="response" statusCode="200" statusText="OK" /><!-- duration: 8ms -->
      </step><!-- duration: 5477ms -->
