<step title="Incoming Request" date="2025-06-03T02:12:32.780" instance="81c6b4" url="/api/zipdeploy?isAsync=true" method="POST" type="request" pid="769,1,5" Accept="*/*" Host="webapp-els-crm-1748900322.scm.azurewebsites.net" User-Agent="AZURECLI/2.73.0 (HOMEBREW)" Accept-Encoding="gzip, deflate" Authorization="Bas..." Cache-Control="no-cache" Content-Type="application/octet-stream" Content-Length="39413" x-ms-client-request-id="d3594212-401f-11f0-afed-6681aebc0c60" x-ms-artifact-checksum="2ac2558dee21aedc33b1e5dec66943c2afbf926675f89b5bbabe194072d8dd33" X-ARR-LOG-ID="d3594212-401f-11f0-afed-6681aebc0c60" CLIENT-IP="99.233.15.57:58533" X-SITE-DEPLOYMENT-ID="webapp-els-crm-1748900322" WAS-DEFAULT-HOSTNAME="webapp-els-crm-1748900322.scm.azurewebsites.net" X-Forwarded-Proto="https" X-AppService-Proto="https" X-Forwarded-TlsVersion="1.3" X-WAWS-Unencoded-URL="/api/zipdeploy?isAsync=true" X-Client-IP="99.233.15.57" X-Client-Port="58533" >
  <step title="ZipPushDeploy" date="2025-06-03T02:12:34.238" >
    <step title="ZipDeploy. Extract zip." date="2025-06-03T02:12:34.252" /><!-- duration: 2ms -->
    <step title="None repository commit" date="2025-06-03T02:12:34.260" >
      <step title="Commit id: cc4a1394-ece2-41a6-bf63-1d376f897fbc" date="2025-06-03T02:12:34.262" Message="N/A" AuthorName="N/A" AuthorEmail="N/A" /><!-- duration: 2ms -->
    </step><!-- duration: 6ms -->
    <step title="Starting PushDeployAsync" date="2025-06-03T02:12:34.268" /><!-- duration: 2ms -->
    <step title="Writing artifact to /tmp/zipdeploy/d624bb0b-08c2-4053-aa50-b6f218c769e0.zip" date="2025-06-03T02:12:34.278" >
      <step title="Writing multipart request body to /tmp/zipdeploy/d624bb0b-08c2-4053-aa50-b6f218c769e0.zip" date="2025-06-03T02:12:34.281" /><!-- duration: 2ms -->
    </step><!-- duration: 51ms -->
    <step title="Start deployment in the background" date="2025-06-03T02:12:34.359" >
      <step title="Acquiring Deployment Lock" date="2025-06-03T02:12:34.383" /><!-- duration: 8ms -->
      <step title="Acquired Deployment Lock" date="2025-06-03T02:12:34.444" /><!-- duration: 9ms -->
    </step><!-- duration: 165ms -->
  </step><!-- duration: 317ms -->
  <step title="Outgoing response" date="2025-06-03T02:12:34.613" type="response" statusCode="202" statusText="Accepted" /><!-- duration: 2ms -->
</step><!-- duration: 1843ms -->
