<step title="Incoming Request" date="2025-06-04T21:11:30.767" instance="81c6b4" url="/api/publish?type=zip" method="POST" type="request" pid="768,1,111" Accept="*/*" Host="webapp-els-crm-1748900322.scm.azurewebsites.net" User-Agent="AZURECLI/2.73.0 (HOMEBREW)" Accept-Encoding="gzip, deflate" Authorization="Bas..." Cache-Control="no-cache" Content-Type="application/octet-stream" Cookie="ARRAffinity=81c6b43bcb7aea592e620086200b3ab40b78857d08aa07e29c330415afa10cf8; ARRAffinitySameSite=81c6b43bcb7aea592e620086200b3ab40b78857d08aa07e29c330415afa10cf8" Content-Length="52040" x-ms-client-request-id="765015a4-4188-11f0-a4ca-6681aebc0c60" x-ms-artifact-checksum="dec0099d8702ba1962152bcae1f9ff32d517b15a6b614ce1e2770fa67496562b" X-ARR-LOG-ID="765015a4-4188-11f0-a4ca-6681aebc0c60" CLIENT-IP="99.233.15.57:62994" X-SITE-DEPLOYMENT-ID="webapp-els-crm-1748900322" WAS-DEFAULT-HOSTNAME="webapp-els-crm-1748900322.scm.azurewebsites.net" X-Forwarded-Proto="https" X-AppService-Proto="https" X-Forwarded-TlsVersion="1.3" X-WAWS-Unencoded-URL="/api/publish?type=zip" X-Client-IP="99.233.15.57" X-Client-Port="62994" >
  <step title="OneDeploy" date="2025-06-04T21:11:30.945" >
    <step title="None repository commit" date="2025-06-04T21:11:30.967" >
      <step title="Commit id: bfc8eded-44f6-4ea8-a920-6875f66d3de9" date="2025-06-04T21:11:30.972" Message="N/A" AuthorName="N/A" AuthorEmail="N/A" /><!-- duration: 2ms -->
    </step><!-- duration: 9ms -->
    <step title="Starting PushDeployAsync" date="2025-06-04T21:11:30.978" /><!-- duration: 1ms -->
    <step title="Writing artifact to /tmp/zipdeploy/af69db7a-2ef5-4da4-b714-a44019f82dca.zip" date="2025-06-04T21:11:30.992" >
      <step title="Writing multipart request body to /tmp/zipdeploy/af69db7a-2ef5-4da4-b714-a44019f82dca.zip" date="2025-06-04T21:11:30.995" /><!-- duration: 2ms -->
    </step><!-- duration: 134ms -->
    <step title="Attempting to fetch target branch HEAD" date="2025-06-04T21:11:31.135" /><!-- duration: 2ms -->
    <step title="Acquiring Deployment Lock" date="2025-06-04T21:11:31.146" /><!-- duration: 2ms -->
    <step title="Acquired Deployment Lock" date="2025-06-04T21:11:31.179" /><!-- duration: 2ms -->
    <step title="Performing fetch based deployment" date="2025-06-04T21:11:31.187" >
      <step title="Creating temporary deployment" date="2025-06-04T21:11:31.201" /><!-- duration: 44ms -->
      <step title="Releasing Deployment Lock" date="2025-06-04T21:11:32.393" /><!-- duration: 9ms -->
      <step title="Cleaning up temp folders from previous zip deployments and extracting pushed zip file /tmp/zipdeploy/af69db7a-2ef5-4da4-b714-a44019f82dca.zip (0.05 MB) to /tmp/zipdeploy/extracted" date="2025-06-04T21:11:32.432" >
        <step title="ChmodRecursive Process exited with total time taken in ms: 62" date="2025-06-04T21:11:32.563" /><!-- duration: 9ms -->
      </step><!-- duration: 160ms -->
      <step title="None repository commit" date="2025-06-04T21:11:32.612" >
        <step title="Commit id: bfc8eded-44f6-4ea8-a920-6875f66d3de9" date="2025-06-04T21:11:32.621" Message="OneDeploy" AuthorName="N/A" AuthorEmail="N/A" /><!-- duration: 11ms -->
      </step><!-- duration: 39ms -->
      <step title="Deployment timer started" date="2025-06-04T21:11:34.661" >
        <step title="DeploymentManager.Deploy(id:bfc8eded-44f6-4ea8-a920-6875f66d3de9)" date="2025-06-04T21:11:34.672" >
          <step title="Collecting changeset information" date="2025-06-04T21:11:34.702" /><!-- duration: 66ms -->
          <step title="Updating submodules" date="2025-06-04T21:11:34.770" /><!-- duration: 1087ms -->
          <step title="Determining deployment builder" date="2025-06-04T21:11:36.016" >
            <step title="Builder is OneDeployBuilder" date="2025-06-04T21:11:36.032" /><!-- duration: 2ms -->
          </step><!-- duration: 21ms -->
          <step title="PreDeployment: context.CleanOutputPath False" date="2025-06-04T21:11:36.074" >
            <step title="PreDeployment: context.OutputPath /home/site/wwwroot" date="2025-06-04T21:11:36.144" >
              <step title="Building" date="2025-06-04T21:11:36.231" >
                <step title="Modified file to trigger a restart of the app container." date="2025-06-04T21:11:38.353" /><!-- duration: 3ms -->
                <step title="Skip function trigger and logicapp sync because function is not enabled." date="2025-06-04T21:11:38.364" /><!-- duration: 2ms -->
                <step title="Purge deployment items" date="2025-06-04T21:11:39.258" >
                  <step title="Remove f41f393d-, Success, received at 06/03/2025 12:47:47" date="2025-06-04T21:11:39.299" /><!-- duration: 2ms -->
                </step><!-- duration: 45ms -->
              </step><!-- duration: 3127ms -->
            </step><!-- duration: 3217ms -->
            <step title="Cleaning up temp files" date="2025-06-04T21:11:39.364" /><!-- duration: 11ms -->
            <step title="Cleaning up temp files" date="2025-06-04T21:11:39.379" /><!-- duration: 504ms -->
            <step title="Reloading status file with latest updates" date="2025-06-04T21:11:39.898" >
              <step title="WebHooksManager.PublishEventAsync: PostDeployment" date="2025-06-04T21:11:39.907" /><!-- duration: 75ms -->
            </step><!-- duration: 86ms -->
            <step title="Cleaning up temporary deployment - fetch deployment was successful" date="2025-06-04T21:11:39.987" /><!-- duration: 2ms -->
          </step><!-- duration: 3986ms -->
        </step><!-- duration: 5392ms -->
        <step title="Outgoing response" date="2025-06-04T21:11:40.079" type="response" statusCode="200" statusText="OK" /><!-- duration: 2ms -->
      </step><!-- duration: 5421ms -->
