<step title="Incoming Request" date="2025-06-03T13:25:28.201" instance="81c6b4" url="/api/publish?type=zip" method="POST" type="request" pid="770,1,7" Accept="*/*" Host="webapp-els-crm-1748900322.scm.azurewebsites.net" User-Agent="AZURECLI/2.73.0 (HOMEBREW)" Accept-Encoding="gzip, deflate" Authorization="Bas..." Cache-Control="no-cache" Content-Type="application/octet-stream" Cookie="ARRAffinity=81c6b43bcb7aea592e620086200b3ab40b78857d08aa07e29c330415afa10cf8; ARRAffinitySameSite=81c6b43bcb7aea592e620086200b3ab40b78857d08aa07e29c330415afa10cf8" Content-Length="25374" x-ms-client-request-id="200c29ae-407e-11f0-bfa6-6681aebc0c60" x-ms-artifact-checksum="728c394c4170b72a365a27e4615f6e51a72a39851059f8482279531cf3c7af93" X-ARR-LOG-ID="200c29ae-407e-11f0-bfa6-6681aebc0c60" CLIENT-IP="99.233.15.57:56219" X-SITE-DEPLOYMENT-ID="webapp-els-crm-1748900322" WAS-DEFAULT-HOSTNAME="webapp-els-crm-1748900322.scm.azurewebsites.net" X-Forwarded-Proto="https" X-AppService-Proto="https" X-Forwarded-TlsVersion="1.3" X-WAWS-Unencoded-URL="/api/publish?type=zip" X-Client-IP="99.233.15.57" X-Client-Port="56219" >
  <step title="OneDeploy" date="2025-06-03T13:25:28.402" >
    <step title="None repository commit" date="2025-06-03T13:25:28.424" >
      <step title="Commit id: 29cb6ace-8cd5-42db-b826-2de3673bff8e" date="2025-06-03T13:25:28.430" Message="N/A" AuthorName="N/A" AuthorEmail="N/A" /><!-- duration: 2ms -->
    </step><!-- duration: 10ms -->
    <step title="Starting PushDeployAsync" date="2025-06-03T13:25:28.436" /><!-- duration: 2ms -->
    <step title="Writing artifact to /tmp/zipdeploy/a542622c-35c5-46c9-959f-1aa658563bc3.zip" date="2025-06-03T13:25:28.470" >
      <step title="Writing multipart request body to /tmp/zipdeploy/a542622c-35c5-46c9-959f-1aa658563bc3.zip" date="2025-06-03T13:25:28.491" /><!-- duration: 9ms -->
    </step><!-- duration: 143ms -->
    <step title="Attempting to fetch target branch HEAD" date="2025-06-03T13:25:28.624" /><!-- duration: 2ms -->
    <step title="Acquiring Deployment Lock" date="2025-06-03T13:25:28.633" /><!-- duration: 8ms -->
    <step title="Acquired Deployment Lock" date="2025-06-03T13:25:28.665" /><!-- duration: 2ms -->
    <step title="Performing fetch based deployment" date="2025-06-03T13:25:28.673" >
      <step title="Creating temporary deployment" date="2025-06-03T13:25:28.683" /><!-- duration: 44ms -->
      <step title="Releasing Deployment Lock" date="2025-06-03T13:25:29.851" /><!-- duration: 9ms -->
      <step title="Cleaning up temp folders from previous zip deployments and extracting pushed zip file /tmp/zipdeploy/a542622c-35c5-46c9-959f-1aa658563bc3.zip (0.02 MB) to /tmp/zipdeploy/extracted" date="2025-06-03T13:25:29.919" >
        <step title="ChmodRecursive Process exited with total time taken in ms: 82" date="2025-06-03T13:25:30.062" /><!-- duration: 19ms -->
      </step><!-- duration: 164ms -->
      <step title="None repository commit" date="2025-06-03T13:25:30.092" >
        <step title="Commit id: 29cb6ace-8cd5-42db-b826-2de3673bff8e" date="2025-06-03T13:25:30.100" Message="OneDeploy" AuthorName="N/A" AuthorEmail="N/A" /><!-- duration: 2ms -->
      </step><!-- duration: 14ms -->
      <step title="Deployment timer started" date="2025-06-03T13:25:32.116" >
        <step title="DeploymentManager.Deploy(id:29cb6ace-8cd5-42db-b826-2de3673bff8e)" date="2025-06-03T13:25:32.120" >
          <step title="Collecting changeset information" date="2025-06-03T13:25:32.148" /><!-- duration: 56ms -->
          <step title="Updating submodules" date="2025-06-03T13:25:32.209" /><!-- duration: 1088ms -->
          <step title="Determining deployment builder" date="2025-06-03T13:25:33.462" >
            <step title="Builder is OneDeployBuilder" date="2025-06-03T13:25:33.479" /><!-- duration: 2ms -->
          </step><!-- duration: 24ms -->
          <step title="PreDeployment: context.CleanOutputPath False" date="2025-06-03T13:25:33.509" >
            <step title="PreDeployment: context.OutputPath /home/site/wwwroot" date="2025-06-03T13:25:33.603" >
              <step title="Building" date="2025-06-03T13:25:33.681" >
                <step title="Executing external process" date="2025-06-03T13:25:34.156" type="process" path="starter.sh" arguments="/opt/Kudu/Scripts/parallel_rsync.sh /tmp/zipdeploy/extracted /home/site/wwwroot 8 /tmp/ False False  " /><!-- duration: 3636ms -->
                <step title="Modified file to trigger a restart of the app container." date="2025-06-03T13:25:38.122" /><!-- duration: 2ms -->
                <step title="Skip function trigger and logicapp sync because function is not enabled." date="2025-06-03T13:25:38.127" /><!-- duration: 2ms -->
              </step><!-- duration: 5166ms -->
            </step><!-- duration: 5247ms -->
            <step title="Cleaning up temp files" date="2025-06-03T13:25:38.852" /><!-- duration: 6ms -->
            <step title="Cleaning up temp files" date="2025-06-03T13:25:38.860" /><!-- duration: 504ms -->
            <step title="Reloading status file with latest updates" date="2025-06-03T13:25:39.387" >
              <step title="WebHooksManager.PublishEventAsync: PostDeployment" date="2025-06-03T13:25:39.400" /><!-- duration: 77ms -->
            </step><!-- duration: 95ms -->
            <step title="Cleaning up temporary deployment - fetch deployment was successful" date="2025-06-03T13:25:39.486" /><!-- duration: 2ms -->
          </step><!-- duration: 6039ms -->
        </step><!-- duration: 7434ms -->
        <step title="Outgoing response" date="2025-06-03T13:25:39.573" type="response" statusCode="200" statusText="OK" /><!-- duration: 18ms -->
      </step><!-- duration: 7477ms -->
