<step title="Incoming Request" date="2025-06-03T12:32:45.452" instance="81c6b4" url="/api/publish?type=zip" method="POST" type="request" pid="768,1,30" Accept="*/*" Host="webapp-els-crm-1748900322.scm.azurewebsites.net" User-Agent="AZURECLI/2.73.0 (HOMEBREW)" Accept-Encoding="gzip, deflate" Authorization="Bas..." Cache-Control="no-cache" Content-Type="application/octet-stream" Cookie="ARRAffinity=81c6b43bcb7aea592e620086200b3ab40b78857d08aa07e29c330415afa10cf8; ARRAffinitySameSite=81c6b43bcb7aea592e620086200b3ab40b78857d08aa07e29c330415afa10cf8" Content-Length="53395" x-ms-client-request-id="d4731360-4076-11f0-a9d6-6681aebc0c60" x-ms-artifact-checksum="ee2b0549de6850bb964e74e53d07ab2117c6442282c1a4aaad1f046c19d56faf" X-ARR-LOG-ID="d4731360-4076-11f0-a9d6-6681aebc0c60" CLIENT-IP="99.233.15.57:64800" X-SITE-DEPLOYMENT-ID="webapp-els-crm-1748900322" WAS-DEFAULT-HOSTNAME="webapp-els-crm-1748900322.scm.azurewebsites.net" X-Forwarded-Proto="https" X-AppService-Proto="https" X-Forwarded-TlsVersion="1.3" X-WAWS-Unencoded-URL="/api/publish?type=zip" X-Client-IP="99.233.15.57" X-Client-Port="64800" >
  <step title="OneDeploy" date="2025-06-03T12:32:45.625" >
    <step title="Starting PushDeployAsync" date="2025-06-03T12:32:45.635" /><!-- duration: 2ms -->
    <step title="Writing artifact to /tmp/zipdeploy/cfc706a5-20de-43c3-9d50-600f27f1ca0f.zip" date="2025-06-03T12:32:45.649" >
      <step title="Writing multipart request body to /tmp/zipdeploy/cfc706a5-20de-43c3-9d50-600f27f1ca0f.zip" date="2025-06-03T12:32:45.651" /><!-- duration: 2ms -->
    </step><!-- duration: 107ms -->
    <step title="Attempting to fetch target branch HEAD" date="2025-06-03T12:32:45.773" /><!-- duration: 2ms -->
    <step title="Acquiring Deployment Lock" date="2025-06-03T12:32:45.794" /><!-- duration: 2ms -->
    <step title="Acquired Deployment Lock" date="2025-06-03T12:32:45.846" /><!-- duration: 3ms -->
    <step title="Performing fetch based deployment" date="2025-06-03T12:32:45.864" >
      <step title="Creating temporary deployment" date="2025-06-03T12:32:45.875" /><!-- duration: 61ms -->
      <step title="Releasing Deployment Lock" date="2025-06-03T12:32:47.227" /><!-- duration: 20ms -->
>
      <step title="Cleaning up temp folders from previous zip deployments and extracting pushed zip file /tmp/zipdeploy/cfc706a5-20de-43c3-9d50-600f27f1ca0f.zip (0.05 MB) to /tmp/zipdeploy/extracted" date="2025-06-03T12:32:47.256" >
        <step title="ChmodRecursive Process exited with total time taken in ms: 59" date="2025-06-03T12:32:47.418" /><!-- duration: 10ms -->
      </step><!-- duration: 189ms -->
      <step title="None repository commit" date="2025-06-03T12:32:47.447" >
        <step title="Commit id: fba69faf-3c43-4a19-8a0e-36c5361fe81f" date="2025-06-03T12:32:47.456" Message="OneDeploy" AuthorName="N/A" AuthorEmail="N/A" /><!-- duration: 2ms -->
      </step><!-- duration: 14ms -->
      <step title="Deployment timer started" date="2025-06-03T12:32:49.466" >
        <step title="DeploymentManager.Deploy(id:fba69faf-3c43-4a19-8a0e-36c5361fe81f)" date="2025-06-03T12:32:49.471" >
          <step title="Collecting changeset information" date="2025-06-03T12:32:49.495" /><!-- duration: 85ms -->
          <step title="Updating submodules" date="2025-06-03T12:32:49.586" /><!-- duration: 1097ms -->
          <step title="Determining deployment builder" date="2025-06-03T12:32:50.852" >
            <step title="Builder is OneDeployBuilder" date="2025-06-03T12:32:50.885" /><!-- duration: 2ms -->
          </step><!-- duration: 38ms -->
          <step title="PreDeployment: context.CleanOutputPath False" date="2025-06-03T12:32:50.924" >
            <step title="PreDeployment: context.OutputPath /home/site/wwwroot" date="2025-06-03T12:32:50.999" >
              <step title="Building" date="2025-06-03T12:32:51.088" >
                <step title="Modified file to trigger a restart of the app container." date="2025-06-03T12:32:53.316" /><!-- duration: 4ms -->
                <step title="Skip function trigger and logicapp sync because function is not enabled." date="2025-06-03T12:32:53.332" /><!-- duration: 2ms -->
              </step><!-- duration: 2810ms -->
            </step><!-- duration: 2905ms -->
            <step title="Cleaning up temp files" date="2025-06-03T12:32:53.906" /><!-- duration: 8ms -->
            <step title="Cleaning up temp files" date="2025-06-03T12:32:53.917" /><!-- duration: 506ms -->
            <step title="Reloading status file with latest updates" date="2025-06-03T12:32:54.444" >
              <step title="WebHooksManager.PublishEventAsync: PostDeployment" date="2025-06-03T12:32:54.454" /><!-- duration: 27ms -->
            </step><!-- duration: 39ms -->
            <step title="Cleaning up temporary deployment - fetch deployment was successful" date="2025-06-03T12:32:54.489" /><!-- duration: 2ms -->
          </step><!-- duration: 3635ms -->
        </step><!-- duration: 5092ms -->
        <step title="Outgoing response" date="2025-06-03T12:32:54.571" type="response" statusCode="200" statusText="OK" /><!-- duration: 2ms -->
      </step><!-- duration: 5108ms -->
