<step title="Incoming Request" date="2025-06-03T02:51:51.911" instance="81c6b4" url="/api/zipdeploy?isAsync=true" method="POST" type="request" pid="768,1,27" Accept="*/*" Host="webapp-els-crm-1748900322.scm.azurewebsites.net" User-Agent="AZURECLI/2.73.0 (HOMEBREW)" Accept-Encoding="gzip, deflate" Authorization="Bas..." Cache-Control="no-cache" Content-Type="application/octet-stream" Cookie="ARRAffinity=81c6b43bcb7aea592e620086200b3ab40b78857d08aa07e29c330415afa10cf8; ARRAffinitySameSite=81c6b43bcb7aea592e620086200b3ab40b78857d08aa07e29c330415afa10cf8" Content-Length="53359" x-ms-client-request-id="ad141d4c-4025-11f0-8fb4-6681aebc0c60" x-ms-artifact-checksum="880c6cd89fc101761ac275a523a4940ef7b4f82af584300a725809184741ca1f" X-ARR-LOG-ID="ad141d4c-4025-11f0-8fb4-6681aebc0c60" CLIENT-IP="99.233.15.57:65135" X-SITE-DEPLOYMENT-ID="webapp-els-crm-1748900322" WAS-DEFAULT-HOSTNAME="webapp-els-crm-1748900322.scm.azurewebsites.net" X-Forwarded-Proto="https" X-AppService-Proto="https" X-Forwarded-TlsVersion="1.3" X-WAWS-Unencoded-URL="/api/zipdeploy?isAsync=true" X-Client-IP="99.233.15.57" X-Client-Port="65135" >
  <step title="ZipPushDeploy" date="2025-06-03T02:51:52.018" >
    <step title="ZipDeploy. Extract zip." date="2025-06-03T02:51:52.036" /><!-- duration: 2ms -->
    <step title="None repository commit" date="2025-06-03T02:51:52.069" >
      <step title="Commit id: 8141339a-3e02-486c-9e52-1adcd7013498" date="2025-06-03T02:51:52.078" Message="N/A" AuthorName="N/A" AuthorEmail="N/A" /><!-- duration: 8ms -->
    </step><!-- duration: 19ms -->
    <step title="Starting PushDeployAsync" date="2025-06-03T02:51:52.097" /><!-- duration: 2ms -->
    <step title="Writing artifact to /tmp/zipdeploy/fee2f241-03a3-43d1-a932-ed0adfd5ba9b.zip" date="2025-06-03T02:51:52.121" >
      <step title="Writing multipart request body to /tmp/zipdeploy/fee2f241-03a3-43d1-a932-ed0adfd5ba9b.zip" date="2025-06-03T02:51:52.127" /><!-- duration: 3ms -->
    </step><!-- duration: 138ms -->
    <step title="Start deployment in the background" date="2025-06-03T02:51:52.281" >
      <step title="Acquiring Deployment Lock" date="2025-06-03T02:51:52.309" /><!-- duration: 9ms -->
      <step title="Acquired Deployment Lock" date="2025-06-03T02:51:52.461" /><!-- duration: 2ms -->
    </step><!-- duration: 332ms -->
  </step><!-- duration: 603ms -->
  <step title="Outgoing response" date="2025-06-03T02:51:52.640" type="response" statusCode="202" statusText="Accepted" /><!-- duration: 2ms -->
</step><!-- duration: 733ms -->
