<step title="Incoming Request" date="2025-06-03T15:47:56.034" instance="81c6b4" url="/api/publish?type=zip&amp;restart=True&amp;clean=True" method="POST" type="request" pid="768,1,7" Accept="*/*" Host="webapp-els-crm-1748900322.scm.azurewebsites.net" User-Agent="AZURECLI/2.73.0 (HOMEBREW)" Accept-Encoding="gzip, deflate" Authorization="Bas..." Cache-Control="no-cache" Content-Type="application/octet-stream" Cookie="ARRAffinity=81c6b43bcb7aea592e620086200b3ab40b78857d08aa07e29c330415afa10cf8; ARRAffinitySameSite=81c6b43bcb7aea592e620086200b3ab40b78857d08aa07e29c330415afa10cf8" Content-Length="83044" x-ms-client-request-id="17403e8c-4092-11f0-a7cf-6681aebc0c60" x-ms-artifact-checksum="da508a7fdb5c9ed7313a0be95bcc274ee3c81a9e484a5bc8d4b14ce74ef0107b" X-ARR-LOG-ID="17403e8c-4092-11f0-a7cf-6681aebc0c60" CLIENT-IP="99.233.15.57:63472" X-SITE-DEPLOYMENT-ID="webapp-els-crm-1748900322" WAS-DEFAULT-HOSTNAME="webapp-els-crm-1748900322.scm.azurewebsites.net" X-Forwarded-Proto="https" X-AppService-Proto="https" X-Forwarded-TlsVersion="1.3" X-WAWS-Unencoded-URL="/api/publish?type=zip&amp;restart=True&amp;clean=True" X-Client-IP="99.233.15.57" X-Client-Port="63472" >
  <step title="OneDeploy" date="2025-06-03T15:47:56.366" >
    <step title="None repository commit" date="2025-06-03T15:47:56.388" >
      <step title="Commit id: c83e7b9c-1389-4ff8-a544-47d04256f107" date="2025-06-03T15:47:56.390" Message="N/A" AuthorName="N/A" AuthorEmail="N/A" /><!-- duration: 5ms -->
    </step><!-- duration: 10ms -->
    <step title="Starting PushDeployAsync" date="2025-06-03T15:47:56.399" /><!-- duration: 2ms -->
    <step title="Writing artifact to /tmp/zipdeploy/cd47c125-9c75-4657-b6ff-16cb63f81820.zip" date="2025-06-03T15:47:56.428" >
      <step title="Writing multipart request body to /tmp/zipdeploy/cd47c125-9c75-4657-b6ff-16cb63f81820.zip" date="2025-06-03T15:47:56.445" /><!-- duration: 2ms -->
    </step><!-- duration: 148ms -->
    <step title="Attempting to fetch target branch HEAD" date="2025-06-03T15:47:56.606" /><!-- duration: 1ms -->
    <step title="Acquiring Deployment Lock" date="2025-06-03T15:47:56.616" /><!-- duration: 2ms -->
    <step title="Acquired Deployment Lock" date="2025-06-03T15:47:56.689" /><!-- duration: 2ms -->
    <step title="Performing fetch based deployment" date="2025-06-03T15:47:56.699" >
      <step title="Creating temporary deployment" date="2025-06-03T15:47:56.709" /><!-- duration: 32ms -->
      <step title="Releasing Deployment Lock" date="2025-06-03T15:47:57.880" /><!-- duration: 9ms -->
      <step title="Cleaning up temp folders from previous zip deployments and extracting pushed zip file /tmp/zipdeploy/cd47c125-9c75-4657-b6ff-16cb63f81820.zip (0.08 MB) to /tmp/zipdeploy/extracted" date="2025-06-03T15:47:57.920" >
        <step title="ChmodRecursive Process exited with total time taken in ms: 109" date="2025-06-03T15:47:58.101" /><!-- duration: 10ms -->
      </step><!-- duration: 221ms -->
      <step title="None repository commit" date="2025-06-03T15:47:58.149" >
        <step title="Commit id: c83e7b9c-1389-4ff8-a544-47d04256f107" date="2025-06-03T15:47:58.151" Message="OneDeploy" AuthorName="N/A" AuthorEmail="N/A" /><!-- duration: 1ms -->
      </step><!-- duration: 5ms -->
      <step title="Deployment timer started" date="2025-06-03T15:48:00.173" >
        <step title="DeploymentManager.Deploy(id:c83e7b9c-1389-4ff8-a544-47d04256f107)" date="2025-06-03T15:48:00.177" >
          <step title="Collecting changeset information" date="2025-06-03T15:48:00.194" /><!-- duration: 92ms -->
          <step title="Updating submodules" date="2025-06-03T15:48:00.314" /><!-- duration: 1100ms -->
          <step title="Determining deployment builder" date="2025-06-03T15:48:01.583" >
            <step title="Builder is OneDeployBuilder" date="2025-06-03T15:48:01.600" /><!-- duration: 2ms -->
          </step><!-- duration: 43ms -->
          <step title="PreDeployment: context.CleanOutputPath False" date="2025-06-03T15:48:01.680" >
            <step title="PreDeployment: context.OutputPath /home/site/wwwroot" date="2025-06-03T15:48:01.811" >
              <step title="Building" date="2025-06-03T15:48:02.080" >
                <step title="Executing external process" date="2025-06-03T15:48:03.088" type="process" path="starter.sh" arguments="/opt/Kudu/Scripts/parallel_rsync.sh /tmp/zipdeploy/extracted /home/site/wwwroot 8 /tmp/ True False  " /><!-- duration: 5087ms -->
                <step title="Modified file to trigger a restart of the app container." date="2025-06-03T15:48:08.474" /><!-- duration: 2ms -->
                <step title="Skip function trigger and logicapp sync because function is not enabled." date="2025-06-03T15:48:08.483" /><!-- duration: 19ms -->
                <step title="Purge deployment items" date="2025-06-03T15:48:09.231" >
                  <step title="Remove fba69faf-, Success, received at 06/03/2025 12:32:49" date="2025-06-03T15:48:09.326" /><!-- duration: 2ms -->
                </step><!-- duration: 99ms -->
              </step><!-- duration: 7313ms -->
            </step><!-- duration: 7584ms -->
            <step title="Cleaning up temp files" date="2025-06-03T15:48:09.397" /><!-- duration: 10ms -->
            <step title="Cleaning up temp files" date="2025-06-03T15:48:09.408" /><!-- duration: 503ms -->
            <step title="Reloading status file with latest updates" date="2025-06-03T15:48:09.933" >
              <step title="WebHooksManager.PublishEventAsync: PostDeployment" date="2025-06-03T15:48:09.945" /><!-- duration: 65ms -->
            </step><!-- duration: 80ms -->
            <step title="Cleaning up temporary deployment - fetch deployment was successful" date="2025-06-03T15:48:10.017" /><!-- duration: 2ms -->
          </step><!-- duration: 8392ms -->
        </step><!-- duration: 9900ms -->
        <step title="Outgoing response" date="2025-06-03T15:48:10.089" type="response" statusCode="200" statusText="OK" /><!-- duration: 2ms -->
      </step><!-- duration: 9922ms -->
