<step title="Incoming Request" date="2025-06-03T13:47:44.654" instance="81c6b4" url="/api/zipdeploy?isAsync=true" method="POST" type="request" pid="770,1,27" Accept="*/*" Host="webapp-els-crm-1748900322.scm.azurewebsites.net" User-Agent="AZURECLI/2.73.0 (HOMEBREW)" Accept-Encoding="gzip, deflate" Authorization="Bas..." Cache-Control="no-cache" Content-Type="application/octet-stream" Cookie="ARRAffinity=81c6b43bcb7aea592e620086200b3ab40b78857d08aa07e29c330415afa10cf8; ARRAffinitySameSite=81c6b43bcb7aea592e620086200b3ab40b78857d08aa07e29c330415afa10cf8" Content-Length="52099" x-ms-client-request-id="4eca002e-4081-11f0-890b-6681aebc0c60" x-ms-artifact-checksum="44c7e4de8ea2da3cb4e1aa9d391ed3082cade2f295e3f50ff53c1cb8e752ad31" X-ARR-LOG-ID="4eca002e-4081-11f0-890b-6681aebc0c60" CLIENT-IP="99.233.15.57:60620" X-SITE-DEPLOYMENT-ID="webapp-els-crm-1748900322" WAS-DEFAULT-HOSTNAME="webapp-els-crm-1748900322.scm.azurewebsites.net" X-Forwarded-Proto="https" X-AppService-Proto="https" X-Forwarded-TlsVersion="1.3" X-WAWS-Unencoded-URL="/api/zipdeploy?isAsync=true" X-Client-IP="99.233.15.57" X-Client-Port="60620" >
  <step title="ZipPushDeploy" date="2025-06-03T13:47:44.685" >
    <step title="ZipDeploy. Extract zip." date="2025-06-03T13:47:44.689" /><!-- duration: 2ms -->
    <step title="Starting PushDeployAsync" date="2025-06-03T13:47:44.694" /><!-- duration: 1ms -->
    <step title="Writing artifact to /tmp/zipdeploy/80e1f6ba-2b86-4c94-9700-ba4f6436adb9.zip" date="2025-06-03T13:47:44.721" >
      <step title="Writing multipart request body to /tmp/zipdeploy/80e1f6ba-2b86-4c94-9700-ba4f6436adb9.zip" date="2025-06-03T13:47:44.722" /><!-- duration: 2ms -->
    </step><!-- duration: 90ms -->
    <step title="Start deployment in the background" date="2025-06-03T13:47:44.831" >
      <step title="Acquiring Deployment Lock" date="2025-06-03T13:47:44.890" /><!-- duration: 2ms -->
      <step title="Acquired Deployment Lock" date="2025-06-03T13:47:44.928" /><!-- duration: 2ms -->
    </step><!-- duration: 408ms -->
  </step><!-- duration: 565ms -->
  <step title="Outgoing response" date="2025-06-03T13:47:45.257" type="response" statusCode="202" statusText="Accepted" /><!-- duration: 2ms -->
</step><!-- duration: 607ms -->
