<step title="Incoming Request" date="2025-06-03T14:18:23.362" instance="81c6b4" url="/api/publish?type=zip" method="POST" type="request" pid="769,1,16" Accept="*/*" Host="webapp-els-crm-1748900322.scm.azurewebsites.net" User-Agent="AZURECLI/2.73.0 (HOMEBREW)" Accept-Encoding="gzip, deflate" Authorization="Bas..." Cache-Control="no-cache" Content-Type="application/octet-stream" Cookie="ARRAffinity=81c6b43bcb7aea592e620086200b3ab40b78857d08aa07e29c330415afa10cf8; ARRAffinitySameSite=81c6b43bcb7aea592e620086200b3ab40b78857d08aa07e29c330415afa10cf8" Content-Length="52040" x-ms-client-request-id="9595c8ea-4085-11f0-bf25-6681aebc0c60" x-ms-artifact-checksum="dec0099d8702ba1962152bcae1f9ff32d517b15a6b614ce1e2770fa67496562b" X-ARR-LOG-ID="9595c8ea-4085-11f0-bf25-6681aebc0c60" CLIENT-IP="99.233.15.57:65466" X-SITE-DEPLOYMENT-ID="webapp-els-crm-1748900322" WAS-DEFAULT-HOSTNAME="webapp-els-crm-1748900322.scm.azurewebsites.net" X-Forwarded-Proto="https" X-AppService-Proto="https" X-Forwarded-TlsVersion="1.3" X-WAWS-Unencoded-URL="/api/publish?type=zip" X-Client-IP="99.233.15.57" X-Client-Port="65466" >
  <step title="OneDeploy" date="2025-06-03T14:18:23.511" >
    <step title="None repository commit" date="2025-06-03T14:18:23.531" >
      <step title="Commit id: a75ec06d-12e7-4fee-be30-aa631e8424f3" date="2025-06-03T14:18:23.533" Message="N/A" AuthorName="N/A" AuthorEmail="N/A" /><!-- duration: 2ms -->
    </step><!-- duration: 6ms -->
    <step title="Starting PushDeployAsync" date="2025-06-03T14:18:23.539" /><!-- duration: 2ms -->
    <step title="Writing artifact to /tmp/zipdeploy/496b1066-52b6-49df-bca5-00978fd8d365.zip" date="2025-06-03T14:18:23.550" >
      <step title="Writing multipart request body to /tmp/zipdeploy/496b1066-52b6-49df-bca5-00978fd8d365.zip" date="2025-06-03T14:18:23.561" /><!-- duration: 17ms -->
    </step><!-- duration: 112ms -->
    <step title="Attempting to fetch target branch HEAD" date="2025-06-03T14:18:23.674" /><!-- duration: 2ms -->
    <step title="Acquiring Deployment Lock" date="2025-06-03T14:18:23.691" /><!-- duration: 2ms -->
    <step title="Acquired Deployment Lock" date="2025-06-03T14:18:23.726" /><!-- duration: 1ms -->
    <step title="Performing fetch based deployment" date="2025-06-03T14:18:23.732" >
      <step title="Creating temporary deployment" date="2025-06-03T14:18:23.741" /><!-- duration: 89ms -->
      <step title="Releasing Deployment Lock" date="2025-06-03T14:18:24.957" /><!-- duration: 6ms -->
      <step title="Cleaning up temp folders from previous zip deployments and extracting pushed zip file /tmp/zipdeploy/496b1066-52b6-49df-bca5-00978fd8d365.zip (0.05 MB) to /tmp/zipdeploy/extracted" date="2025-06-03T14:18:24.991" >
        <step title="ChmodRecursive Process exited with total time taken in ms: 62" date="2025-06-03T14:18:25.123" /><!-- duration: 10ms -->
      </step><!-- duration: 161ms -->
      <step title="None repository commit" date="2025-06-03T14:18:25.163" >
        <step title="Commit id: a75ec06d-12e7-4fee-be30-aa631e8424f3" date="2025-06-03T14:18:25.181" Message="OneDeploy" AuthorName="N/A" AuthorEmail="N/A" /><!-- duration: 2ms -->
      </step><!-- duration: 23ms -->
      <step title="Deployment timer started" date="2025-06-03T14:18:27.201" >
        <step title="DeploymentManager.Deploy(id:a75ec06d-12e7-4fee-be30-aa631e8424f3)" date="2025-06-03T14:18:27.210" >
          <step title="Collecting changeset information" date="2025-06-03T14:18:27.252" /><!-- duration: 78ms -->
          <step title="Updating submodules" date="2025-06-03T14:18:27.334" /><!-- duration: 1153ms -->
          <step title="Determining deployment builder" date="2025-06-03T14:18:28.663" >
            <step title="Builder is OneDeployBuilder" date="2025-06-03T14:18:28.678" /><!-- duration: 2ms -->
          </step><!-- duration: 19ms -->
          <step title="PreDeployment: context.CleanOutputPath False" date="2025-06-03T14:18:28.713" >
            <step title="PreDeployment: context.OutputPath /home/site/wwwroot" date="2025-06-03T14:18:28.788" >
              <step title="Building" date="2025-06-03T14:18:28.869" >
                <step title="Executing external process" date="2025-06-03T14:18:29.220" type="process" path="starter.sh" arguments="/opt/Kudu/Scripts/parallel_rsync.sh /tmp/zipdeploy/extracted /home/site/wwwroot 8 /tmp/ False False  " /><!-- duration: 4575ms -->
                <step title="Modified file to trigger a restart of the app container." date="2025-06-03T14:18:34.112" /><!-- duration: 3ms -->
                <step title="Skip function trigger and logicapp sync because function is not enabled." date="2025-06-03T14:18:34.123" /><!-- duration: 9ms -->
                <step title="Purge deployment items" date="2025-06-03T14:18:34.972" >
                  <step title="Remove cc4a1394-, Success, received at 06/03/2025 02:12:37" date="2025-06-03T14:18:35.013" /><!-- duration: 3ms -->
                </step><!-- duration: 46ms -->
              </step><!-- duration: 6187ms -->
            </step><!-- duration: 6274ms -->
            <step title="Cleaning up temp files" date="2025-06-03T14:18:35.064" /><!-- duration: 12ms -->
            <step title="Cleaning up temp files" date="2025-06-03T14:18:35.104" /><!-- duration: 510ms -->
            <step title="Reloading status file with latest updates" date="2025-06-03T14:18:35.712" >
              <step title="WebHooksManager.PublishEventAsync: PostDeployment" date="2025-06-03T14:18:35.722" /><!-- duration: 82ms -->
            </step><!-- duration: 95ms -->
            <step title="Cleaning up temporary deployment - fetch deployment was successful" date="2025-06-03T14:18:35.820" /><!-- duration: 2ms -->
          </step><!-- duration: 7172ms -->
        </step><!-- duration: 8680ms -->
        <step title="Outgoing response" date="2025-06-03T14:18:35.901" type="response" statusCode="200" statusText="OK" /><!-- duration: 3ms -->
      </step><!-- duration: 8705ms -->
