<step title="Incoming Request" date="2025-06-03T02:51:58.700" instance="81c6b4" url="/api/deployments/latest" method="GET" type="request" pid="768,1,30" Accept="*/*" Host="webapp-els-crm-1748900322.scm.azurewebsites.net" User-Agent="AZURECLI/2.73.0 (HOMEBREW)" Accept-Encoding="gzip, deflate" Authorization="Bas..." x-ms-client-request-id="ad141d4c-4025-11f0-8fb4-6681aebc0c60" X-ARR-LOG-ID="ad141d4c-4025-11f0-8fb4-6681aebc0c60" CLIENT-IP="99.233.15.57:65141" X-SITE-DEPLOYMENT-ID="webapp-els-crm-1748900322" WAS-DEFAULT-HOSTNAME="webapp-els-crm-1748900322.scm.azurewebsites.net" X-Forwarded-Proto="https" X-AppService-Proto="https" X-Forwarded-TlsVersion="1.3" X-WAWS-Unencoded-URL="/api/deployments/latest" X-Client-IP="99.233.15.57" X-Client-Port="65141" >
  <step title="Cleanup Xml Logs" date="2025-06-03T02:51:58.710" /><!-- duration: 5ms -->
  <step title="DeploymentService.GetResult" date="2025-06-03T02:51:58.786" >
    <step title="DeploymentService.GetLatestDeployment" date="2025-06-03T02:51:58.789" >
      <step title="DeploymentManager.GetResults" date="2025-06-03T02:51:58.808" /><!-- duration: 134ms -->
      <step title="Deployment 8141339a-3e02-486c-9e52-1adcd7013498 is Building" date="2025-06-03T02:51:58.944" /><!-- duration: 2ms -->
    </step><!-- duration: 160ms -->
  </step><!-- duration: 165ms -->
  <step title="Outgoing response" date="2025-06-03T02:51:58.954" type="response" statusCode="202" statusText="Accepted" /><!-- duration: 2ms -->
</step><!-- duration: 257ms -->
