﻿<?xml version="1.0" encoding="utf-8"?>
<deployment>
  <id>c83e7b9c-1389-4ff8-a544-47d04256f107</id>
  <author>N/A</author>
  <deployer>OneDeploy</deployer>
  <authorEmail>N/A</authorEmail>
  <message>OneDeploy</message>
  <progress></progress>
  <status>Success</status>
  <statusText></statusText>
  <lastSuccessEndTime>2025-06-03T15:48:08.8541278Z</lastSuccessEndTime>
  <receivedTime>2025-06-03T15:48:00.2232197Z</receivedTime>
  <startTime>2025-06-03T15:48:01.5488598Z</startTime>
  <endTime>2025-06-03T15:48:08.8541278Z</endTime>
  <complete>True</complete>
  <is_temp>False</is_temp>
  <is_readonly>True</is_readonly>
  <buildSummary />
</deployment>