﻿<?xml version="1.0" encoding="utf-8"?>
<deployment>
  <id>7589a73d-3039-4b1e-b611-be3bdf4803f3</id>
  <author>N/A</author>
  <deployer>Push-Deployer</deployer>
  <authorEmail>N/A</authorEmail>
  <message>Created via a push deployment</message>
  <progress></progress>
  <status>Success</status>
  <statusText></statusText>
  <lastSuccessEndTime>2025-06-03T13:47:56.1676025Z</lastSuccessEndTime>
  <receivedTime>2025-06-03T13:47:48.6873155Z</receivedTime>
  <startTime>2025-06-03T13:47:49.9282225Z</startTime>
  <endTime>2025-06-03T13:47:56.1676025Z</endTime>
  <complete>True</complete>
  <is_temp>False</is_temp>
  <is_readonly>True</is_readonly>
  <buildSummary />
</deployment>